crn,mc_bag_ind,mc_dvr_boots_ind,mc_dvr_edc_ind,mc_dvr_eyeprt_ind,mc_dvr_hlmtdot_ind,mc_dvr_hlmton_ind,mc_dvr_hlmt_type,mc_dvr_lngpnts_ind,mc_dvr_lngslv_ind,mc_engine_size,mc_passngr_ind,mc_pas_boots_ind,mc_pas_eyeprt_ind,mc_pas_hlmtdot_ind,mc_pas_hlmton_ind,mc_pas_hlmt_type,mc_pas_lngpnts_ind,mc_pas_lngslv_ind,mc_trail_ind,pc_hdlght_ind,pc_hlmt_ind,pc_passngr_ind,pc_rear_rfltr_ind,unit_num,year_county,county
2017092410,,,,,,,,,,,,,,,,,,,,N,Y,N,Y,2,2017-67,
2017028994,,,,,,,,,,,,,,,,,,,,U,N,N,Y,2,2017-67,
2017088829,,,,,,,,,,,,,,,,,,,,U,N,N,U,2,2017-67,
2017116095,,,,,,,,,,,,,,,,,,,,U,Y,N,U,2,2017-67,
2017086360,,,,,,,,,,,,,,,,,,,,U,U,N,U,2,2017-67,
2017088931,,,,,,,,,,,,,,,,,,,,U,U,N,U,2,2017-67,
2017091009,N,N,Y,Y,N,N,0,N,Y,1000,N,,,,,,,,N,,,,,1,2017-67,
2017096501,,,,,,,,,,,,,,,,,,,,U,U,N,U,2,2017-67,
2017050642,N,N,U,Y,N,N,0,N,N,650,N,,,,,,,,N,,,,,1,2017-67,
2017116183,,,,,,,,,,,,,,,,,,,,U,N,N,U,2,2017-67,
2017091822,,,,,,,,,,,,,,,,,,,,N,N,N,N,2,2017-67,
2018005455,,,,,,,,,,,,,,,,,,,,U,N,N,U,2,2017-67,
2017115983,,,,,,,,,,,,,,,,,,,,U,N,N,U,2,2017-67,
2017086282,,,,,,,,,,,,,,,,,,,,U,N,N,U,2,2017-67,
2017019612,,,,,,,,,,,,,,,,,,,,U,N,N,U,2,2017-67,
2017086330,,,,,,,,,,,,,,,,,,,,U,N,N,U,2,2017-67,
2017096556,,,,,,,,,,,,,,,,,,,,U,N,N,U,2,2017-67,
2018005566,U,U,N,N,N,N,0,U,U,99999,N,,,,,,,,N,,,,,1,2017-67,
2017093614,U,U,Y,Y,U,U,9,U,U,99999,N,,,,,,,,N,,,,,1,2017-67,
2017052297,,,,,,,,,,,,,,,,,,,,U,N,N,U,2,2017-67,
2017108058,,,,,,,,,,,,,,,,,,,,U,N,N,U,2,2017-67,
2017067783,U,U,N,N,N,N,0,U,U,99999,N,,,,,,,,N,,,,,2,2017-67,
2017060586,U,U,N,Y,U,U,9,U,U,99999,N,,,,,,,,N,,,,,1,2017-67,
2017060586,U,U,Y,Y,U,U,9,U,U,99999,N,,,,,,,,N,,,,,2,2017-67,
2017043848,,,,,,,,,,,,,,,,,,,,N,N,N,U,2,2017-67,
2017105863,N,U,Y,U,Y,Y,2,Y,Y,99999,N,,,,,,,,N,,,,,2,2017-67,
2017107494,,,,,,,,,,,,,,,,,,,,N,N,N,Y,2,2017-67,
2017043867,,,,,,,,,,,,,,,,,,,,N,N,N,N,1,2017-67,
2017052400,U,U,Y,N,N,N,0,U,U,99999,N,,,,,,,,N,,,,,1,2017-67,
2017127532,,,,,,,,,,,,,,,,,,,,U,N,N,U,2,2017-67,
2017060446,U,U,N,U,N,N,0,Y,U,110,N,,,,,,,,N,,,,,2,2017-67,
2017060447,U,U,Y,U,U,U,9,U,U,99999,N,,,,,,,,N,,,,,1,2017-67,
2017043828,,,,,,,,,,,,,,,,,,,,U,N,N,U,2,2017-67,
2017055551,,,,,,,,,,,,,,,,,,,,U,N,N,U,2,2017-67,
2017043843,N,U,N,N,U,U,9,U,U,99999,N,,,,,,,,N,,,,,1,2017-67,
2017104839,N,N,N,Y,N,N,0,Y,Y,1500,N,,,,,,,,N,,,,,1,2017-67,
2017105897,,,,,,,,,,,,,,,,,,,,N,N,N,N,2,2017-67,
2017067904,,,,,,,,,,,,,,,,,,,,U,U,N,U,2,2017-67,
2017093588,U,U,N,N,N,N,0,U,U,99999,Y,U,N,N,N,0,U,U,N,,,,,1,2017-67,
2017115982,,,,,,,,,,,,,,,,,,,,U,N,N,U,2,2017-67,
2017070435,,,,,,,,,,,,,,,,,,,,U,Y,N,U,2,2017-67,
2017096578,U,U,Y,N,N,N,0,U,U,99999,N,,,,,,,,N,,,,,1,2017-67,
2017092355,,,,,,,,,,,,,,,,,,,,U,N,N,U,2,2017-67,
2017093522,,,,,,,,,,,,,,,,,,,,U,N,N,U,2,2017-67,
2018027524,,,,,,,,,,,,,,,,,,,,U,U,N,U,2,2017-67,
2017076144,U,U,U,Y,U,U,9,U,U,99999,N,,,,,,,,N,,,,,1,2017-67,
2017086728,,,,,,,,,,,,,,,,,,,,U,N,N,U,1,2017-67,
2017093606,,,,,,,,,,,,,,,,,,,,U,N,N,U,2,2017-67,
2017086647,,,,,,,,,,,,,,,,,,,,U,N,N,U,2,2017-67,
2017076219,N,U,N,N,N,N,0,U,U,99999,N,,,,,,,,N,,,,,1,2017-67,
2017078831,,,,,,,,,,,,,,,,,,,,U,N,N,U,2,2017-67,
2017088863,,,,,,,,,,,,,,,,,,,,U,U,N,U,2,2017-67,
2017114829,,,,,,,,,,,,,,,,,,,,U,N,N,U,2,2017-67,
2017037353,,,,,,,,,,,,,,,,,,,,U,N,N,U,2,2017-67,
2017033102,U,U,N,N,N,N,0,U,U,99999,N,,,,,,,,N,,,,,1,2017-67,
2017127417,,,,,,,,,,,,,,,,,,,,U,U,N,U,2,2017-67,
2017067924,U,U,U,N,N,N,0,U,U,99999,N,,,,,,,,N,,,,,1,2017-67,
2017067924,,,,,,,,,,,,,,,,,,,,U,N,N,U,2,2017-67,
2017067924,U,U,U,N,N,N,0,U,U,99999,N,,,,,,,,N,,,,,3,2017-67,
2017115968,,,,,,,,,,,,,,,,,,,,U,Y,N,U,2,2017-67,
2017035606,,,,,,,,,,,,,,,,,,,,U,U,N,U,2,2017-67,
2017052241,,,,,,,,,,,,,,,,,,,,U,N,N,U,2,2017-67,
2017052414,,,,,,,,,,,,,,,,,,,,U,U,N,U,2,2017-67,
2017120658,,,,,,,,,,,,,,,,,,,,N,Y,N,Y,2,2017-67,
2017106020,,,,,,,,,,,,,,,,,,,,U,N,N,U,2,2017-67,
2017041377,,,,,,,,,,,,,,,,,,,,U,N,N,U,1,2017-67,
2017055607,,,,,,,,,,,,,,,,,,,,U,U,N,U,1,2017-67,
2017130658,N,U,N,N,N,N,0,U,U,99999,N,,,,,,,,N,,,,,1,2017-67,
2017133968,,,,,,,,,,,,,,,,,,,,U,U,N,U,1,2017-67,
2017028790,,,,,,,,,,,,,,,,,,,,N,N,N,N,2,2017-67,
2017097899,,,,,,,,,,,,,,,,,,,,U,Y,N,U,2,2017-67,
2017052168,,,,,,,,,,,,,,,,,,,,U,N,N,U,2,2017-67,
2017070397,,,,,,,,,,,,,,,,,,,,U,N,N,U,2,2017-67,
2017070399,,,,,,,,,,,,,,,,,,,,U,Y,N,U,2,2017-67,
2017109939,,,,,,,,,,,,,,,,,,,,U,N,N,U,2,2017-67,
2017127437,,,,,,,,,,,,,,,,,,,,U,U,N,U,2,2017-67,
2017041354,U,U,Y,U,U,U,9,U,U,99999,N,,,,,,,,N,,,,,2,2017-67,
2017035641,,,,,,,,,,,,,,,,,,,,U,U,N,U,1,2017-67,
2017108112,,,,,,,,,,,,,,,,,,,,U,N,N,U,2,2017-67,
2017108112,,,,,,,,,,,,,,,,,,,,U,N,N,U,3,2017-67,
2017109826,U,U,Y,U,U,U,9,U,U,99999,N,,,,,,,,N,,,,,1,2017-67,
2017066956,,,,,,,,,,,,,,,,,,,,N,Y,N,Y,3,2017-67,
2017066956,,,,,,,,,,,,,,,,,,,,N,Y,N,Y,2,2017-67,
2017067785,,,,,,,,,,,,,,,,,,,,U,N,N,U,1,2017-67,
2017091728,U,U,U,Y,U,U,9,U,U,99999,N,,,,,,,,N,,,,,2,2017-67,
2017076261,,,,,,,,,,,,,,,,,,,,U,N,N,U,1,2017-67,
2017086769,,,,,,,,,,,,,,,,,,,,U,N,N,U,2,2017-67,
2017086769,U,U,Y,Y,U,U,9,U,U,99999,N,,,,,,,,N,,,,,1,2017-67,
2017088817,,,,,,,,,,,,,,,,,,,,U,Y,N,U,2,2017-67,
2017111780,N,Y,N,Y,N,Y,1,Y,Y,599,N,,,,,,,,N,,,,,1,2017-67,
2017088956,,,,,,,,,,,,,,,,,,,,U,N,N,U,1,2017-67,
2017093591,,,,,,,,,,,,,,,,,,,,U,U,N,U,2,2017-67,
2017091173,U,U,Y,U,U,U,9,U,U,99999,N,,,,,,,,N,,,,,2,2017-67,
2017091837,U,U,Y,N,N,N,0,U,U,99999,N,,,,,,,,N,,,,,1,2017-67,
2017086134,,,,,,,,,,,,,,,,,,,,U,U,N,U,2,2017-67,
2017088858,,,,,,,,,,,,,,,,,,,,U,N,N,U,2,2017-67,
2017021611,,,,,,,,,,,,,,,,,,,,N,N,N,Y,2,2017-67,
2017099658,,,,,,,,,,,,,,,,,,,,N,Y,N,Y,1,2017-67,
2017055548,,,,,,,,,,,,,,,,,,,,U,N,N,U,2,2017-67,
2017052429,U,U,N,N,N,N,0,U,U,99999,N,,,,,,,,N,,,,,1,2017-67,
2017115933,U,U,Y,Y,U,U,9,U,U,99999,N,,,,,,,,N,,,,,2,2017-67,
2017105998,,,,,,,,,,,,,,,,,,,,U,N,N,U,2,2017-67,
2017052195,U,U,U,N,N,N,0,U,U,99999,N,,,,,,,,N,,,,,1,2017-67,
2017127440,,,,,,,,,,,,,,,,,,,,U,N,N,U,1,2017-67,
2017055495,U,U,N,N,N,N,0,U,U,99999,N,,,,,,,,N,,,,,1,2017-67,
2017096537,N,U,N,N,N,N,0,U,U,99999,N,,,,,,,,N,,,,,1,2017-67,
2017101874,,,,,,,,,,,,,,,,,,,,U,N,N,U,2,2017-67,
2017043850,,,,,,,,,,,,,,,,,,,,U,N,N,U,2,2017-67,
2017052474,U,U,Y,U,U,U,9,U,U,99999,N,,,,,,,,N,,,,,2,2017-67,
2017116141,,,,,,,,,,,,,,,,,,,,U,U,N,U,2,2017-67,
2017120721,,,,,,,,,,,,,,,,,,,,U,U,N,U,2,2017-67,
2017041342,,,,,,,,,,,,,,,,,,,,U,U,N,U,2,2017-67,
2017060767,U,U,U,N,U,U,9,U,U,99999,N,,,,,,,,N,,,,,2,2017-67,
2017086182,,,,,,,,,,,,,,,,,,,,N,U,N,U,2,2017-67,
2017096463,U,U,N,U,U,U,9,U,U,99999,N,,,,,,,,N,,,,,1,2017-67,
2017127474,,,,,,,,,,,,,,,,,,,,U,N,N,U,2,2017-67,
2017137568,,,,,,,,,,,,,,,,,,,,U,N,N,U,1,2017-67,
2017068020,U,U,Y,N,N,N,0,U,U,99999,N,,,,,,,,N,,,,,1,2017-67,
2017086787,U,U,Y,Y,U,U,9,U,U,99999,N,,,,,,,,N,,,,,1,2017-67,
2017088743,,,,,,,,,,,,,,,,,,,,U,N,N,U,1,2017-67,
2017091809,,,,,,,,,,,,,,,,,,,,U,N,N,U,1,2017-67,
2017067694,U,U,U,N,N,N,0,U,U,599,N,,,,,,,,N,,,,,1,2017-67,
2017070486,,,,,,,,,,,,,,,,,,,,U,U,N,U,2,2017-67,
2017078701,U,U,N,N,N,N,0,U,U,99999,N,,,,,,,,N,,,,,2,2017-67,
2017083999,,,,,,,,,,,,,,,,,,,,U,Y,N,U,2,2017-67,
2017086119,U,Y,N,U,U,U,9,Y,U,1200,N,,,,,,,,N,,,,,2,2017-67,
2017127315,,,,,,,,,,,,,,,,,,,,U,N,N,U,2,2017-67,
2017060633,U,U,Y,N,N,N,0,U,U,99999,N,,,,,,,,N,,,,,1,2017-67,
2017096464,,,,,,,,,,,,,,,,,,,,U,N,N,U,2,2017-67,
2017096468,N,U,N,N,N,N,0,U,U,99999,Y,U,N,N,N,0,U,U,N,,,,,1,2017-67,
2017135049,U,U,U,N,N,N,0,U,U,99999,N,,,,,,,,N,,,,,1,2017-67,
2017091402,,,,,,,,,,,,,,,,,,,,N,N,N,U,1,2017-67,
2017097815,,,,,,,,,,,,,,,,,,,,U,N,N,U,2,2017-67,
2017025131,U,U,Y,N,N,N,0,Y,Y,800,N,,,,,,,,N,,,,,1,2017-67,
2017025195,N,Y,U,Y,Y,Y,1,Y,Y,636,N,,,,,,,,N,,,,,1,2017-67,
2017052346,U,U,Y,N,U,U,9,U,U,99999,N,,,,,,,,N,,,,,1,2017-67,
2017055536,,,,,,,,,,,,,,,,,,,,U,N,N,U,2,2017-67,
2017096444,,,,,,,,,,,,,,,,,,,,U,U,N,U,2,2017-67,
2017008426,U,U,Y,Y,U,U,9,U,U,99999,N,,,,,,,,N,,,,,3,2017-67,
2017116085,U,U,N,N,N,N,0,U,U,99999,N,,,,,,,,N,,,,,1,2017-67,
2017116115,U,U,Y,N,U,U,9,U,U,99999,N,,,,,,,,N,,,,,1,2017-67,
2017021621,,,,,,,,,,,,,,,,,,,,U,U,N,U,2,2017-67,
2017028849,,,,,,,,,,,,,,,,,,,,U,N,N,U,1,2017-67,
2017033927,N,N,N,Y,Y,Y,1,Y,Y,1100,N,,,,,,,,N,,,,,1,2017-67,
2017116150,,,,,,,,,,,,,,,,,,,,U,Y,N,U,2,2017-67,
2017109947,,,,,,,,,,,,,,,,,,,,U,N,N,U,3,2017-67,
2017091691,,,,,,,,,,,,,,,,,,,,N,N,N,N,2,2017-67,
2017021600,N,U,N,N,N,N,0,U,U,99999,N,,,,,,,,N,,,,,2,2017-67,
2017097927,,,,,,,,,,,,,,,,,,,,U,N,N,U,2,2017-67,
2018032119,U,U,U,U,U,U,9,U,U,99999,U,,,,,,,,U,,,,,1,2017-67,
2017115997,U,U,N,N,N,N,0,U,U,99999,N,,,,,,,,N,,,,,1,2017-67,
2017035649,N,U,N,U,N,N,0,U,U,99999,N,,,,,,,,N,,,,,1,2017-67,
2017105999,,,,,,,,,,,,,,,,,,,,N,N,N,U,1,2017-67,
2017109768,,,,,,,,,,,,,,,,,,,,N,N,N,N,2,2017-67,
2017018542,U,Y,Y,Y,U,Y,1,Y,Y,700,N,,,,,,,,N,,,,,1,2017-67,
2017021491,,,,,,,,,,,,,,,,,,,,N,N,N,N,2,2017-67,
2017014084,U,U,Y,U,U,U,9,U,U,99999,N,,,,,,,,N,,,,,2,2017-67,
2017091859,,,,,,,,,,,,,,,,,,,,N,N,N,U,2,2017-67,
2017067851,U,U,Y,U,U,U,9,U,U,99999,N,,,,,,,,N,,,,,2,2017-67,
2017067937,U,U,N,N,N,N,0,U,U,99999,N,,,,,,,,N,,,,,1,2017-67,
2017076386,Y,Y,Y,Y,U,Y,2,Y,Y,1000,N,,,,,,,,N,,,,,1,2017-67,
2017086211,U,U,N,N,U,U,9,U,U,99999,N,,,,,,,,N,,,,,1,2017-67,
2017086268,,,,,,,,,,,,,,,,,,,,U,N,N,U,2,2017-67,
2017060759,U,U,N,N,N,N,0,U,U,99999,N,,,,,,,,N,,,,,2,2017-67,
2017108010,U,U,Y,N,N,N,0,U,U,99999,N,,,,,,,,N,,,,,1,2017-67,
2017060478,U,U,U,U,U,U,9,U,U,99999,U,,,,,,,,N,,,,,1,2017-67,
2017109981,,,,,,,,,,,,,,,,,,,,U,N,N,U,2,2017-67,
2017037424,,,,,,,,,,,,,,,,,,,,U,Y,N,U,2,2017-67,
2018029802,U,U,N,N,N,N,0,U,U,99999,Y,U,N,N,N,0,U,U,N,,,,,1,2017-67,
2017041173,,,,,,,,,,,,,,,,,,,,U,N,N,U,2,2017-67,
2017076155,,,,,,,,,,,,,,,,,,,,U,N,N,U,2,2017-67,
2018005512,,,,,,,,,,,,,,,,,,,,U,N,N,U,2,2017-67,
2017105860,U,Y,U,Y,U,Y,1,U,Y,99999,N,,,,,,,,N,,,,,1,2017-67,
2017060723,U,U,U,Y,U,U,9,U,U,99999,N,,,,,,,,N,,,,,2,2017-67,
2018005424,,,,,,,,,,,,,,,,,,,,U,N,N,U,2,2017-67,
2017097953,U,U,N,N,U,U,9,U,U,99999,N,,,,,,,,N,,,,,1,2017-67,
2017120740,,,,,,,,,,,,,,,,,,,,U,N,N,U,2,2017-67,
2017041166,,,,,,,,,,,,,,,,,,,,U,U,N,U,2,2017-67,
2017086823,,,,,,,,,,,,,,,,,,,,U,N,N,U,1,2017-67,
2017041395,,,,,,,,,,,,,,,,,,,,N,N,N,U,2,2017-67,
2017058386,,,,,,,,,,,,,,,,,,,,U,Y,N,U,2,2017-67,
2017093500,U,U,U,N,N,N,0,U,U,99999,N,,,,,,,,N,,,,,3,2017-67,
2017086815,U,U,N,U,U,U,9,U,U,99999,N,,,,,,,,N,,,,,1,2017-67,
2017127470,,,,,,,,,,,,,,,,,,,,U,N,N,U,1,2017-67,
2017105909,,,,,,,,,,,,,,,,,,,,U,N,N,U,1,2017-67,
2017088736,U,U,N,N,U,U,9,U,U,99999,N,,,,,,,,N,,,,,1,2017-67,
2017086054,,,,,,,,,,,,,,,,,,,,U,N,N,U,2,2017-67,
2017095416,,,,,,,,,,,,,,,,,,,,U,Y,N,U,2,2017-67,
2017093578,N,U,U,N,N,N,0,U,U,99999,Y,U,N,N,N,0,U,U,N,,,,,2,2017-67,
2017086067,,,,,,,,,,,,,,,,,,,,U,N,N,U,2,2017-67,
2017116099,,,,,,,,,,,,,,,,,,,,U,U,N,U,2,2017-67,
2017011833,,,,,,,,,,,,,,,,,,,,N,Y,N,Y,1,2017-67,
2017091690,,,,,,,,,,,,,,,,,,,,N,N,N,N,1,2017-67,
2017127415,,,,,,,,,,,,,,,,,,,,U,N,N,U,2,2017-67,
2017043806,,,,,,,,,,,,,,,,,,,,U,U,N,U,2,2017-67,
2017060579,U,U,U,U,U,U,9,U,U,99999,N,,,,,,,,N,,,,,2,2017-67,
2017078730,U,U,U,Y,U,U,9,U,U,99999,N,,,,,,,,N,,,,,1,2017-67,
2017109904,,,,,,,,,,,,,,,,,,,,N,N,N,Y,2,2017-67,
2017060692,,,,,,,,,,,,,,,,,,,,U,N,N,U,2,2017-67,
2017052470,,,,,,,,,,,,,,,,,,,,N,N,N,N,2,2017-67,
2017052339,,,,,,,,,,,,,,,,,,,,N,N,N,N,2,2017-67,
2018020736,,,,,,,,,,,,,,,,,,,,U,N,N,U,1,2017-67,
2017055501,,,,,,,,,,,,,,,,,,,,U,N,N,U,2,2017-67,
2017133950,U,U,Y,N,U,U,9,U,U,99999,N,,,,,,,,N,,,,,2,2017-67,
2017088837,,,,,,,,,,,,,,,,,,,,U,Y,N,U,2,2017-67,
2017120501,,,,,,,,,,,,,,,,,,,,Y,N,N,Y,2,2017-67,
2017043901,,,,,,,,,,,,,,,,,,,,N,N,N,U,1,2017-67,
2017070445,,,,,,,,,,,,,,,,,,,,U,N,N,U,2,2017-67,
2017096524,U,U,U,U,U,U,9,U,U,99999,N,,,,,,,,N,,,,,1,2017-67,
2017014016,,,,,,,,,,,,,,,,,,,,U,U,N,U,2,2017-67,
2017033501,,,,,,,,,,,,,,,,,,,,U,N,N,U,2,2017-67,
2017021493,N,U,N,N,N,N,0,U,U,99999,N,,,,,,,,N,,,,,1,2017-67,
2017088771,U,U,U,Y,U,U,9,U,U,99999,N,,,,,,,,N,,,,,1,2017-67,
2017115906,,,,,,,,,,,,,,,,,,,,N,N,N,N,3,2017-67,
2017086795,,,,,,,,,,,,,,,,,,,,U,N,N,U,1,2017-67,
2017076245,U,U,N,N,N,N,0,U,U,99999,N,,,,,,,,N,,,,,2,2017-67,
2017076245,U,U,U,N,N,N,0,U,U,99999,N,,,,,,,,N,,,,,3,2017-67,
2017076369,U,U,N,U,U,U,9,U,U,99999,N,,,,,,,,N,,,,,2,2017-67,
2017086260,,,,,,,,,,,,,,,,,,,,U,Y,N,U,2,2017-67,
2017097952,U,U,U,N,U,U,9,U,U,99999,N,,,,,,,,N,,,,,2,2017-67,
2017101879,,,,,,,,,,,,,,,,,,,,U,Y,N,U,2,2017-67,
2017108111,,,,,,,,,,,,,,,,,,,,U,N,N,U,2,2017-67,
2017109936,,,,,,,,,,,,,,,,,,,,U,N,N,U,1,2017-67,
2017060701,U,U,U,U,U,U,9,U,U,99999,N,,,,,,,,N,,,,,2,2017-67,
2017052467,,,,,,,,,,,,,,,,,,,,U,U,N,U,2,2017-67,
2017128003,Y,Y,Y,Y,Y,Y,3,Y,Y,16000,N,,,,,,,,N,,,,,2,2017-67,
2017130594,,,,,,,,,,,,,,,,,,,,U,N,N,U,2,2017-67,
2017078714,,,,,,,,,,,,,,,,,,,,U,N,N,U,2,2017-67,
2017109945,U,U,N,N,N,N,0,U,U,99999,N,,,,,,,,N,,,,,1,2017-67,
2017097965,,,,,,,,,,,,,,,,,,,,U,U,N,U,2,2017-67,
2017127859,,,,,,,,,,,,,,,,,,,,N,N,N,Y,2,2017-67,
2017041263,U,U,N,N,N,N,0,U,U,99999,N,,,,,,,,N,,,,,1,2017-67,
2017067966,,,,,,,,,,,,,,,,,,,,U,Y,N,U,2,2017-67,
2017055676,U,U,N,U,N,N,0,U,U,99999,N,,,,,,,,N,,,,,1,2017-67,
2017067964,U,U,N,N,N,N,0,U,U,99999,N,,,,,,,,N,,,,,2,2017-67,
2017076180,,,,,,,,,,,,,,,,,,,,U,U,N,U,2,2017-67,
2017076180,N,U,N,U,U,U,9,U,U,99999,N,,,,,,,,N,,,,,1,2017-67,
2017037551,,,,,,,,,,,,,,,,,,,,U,N,N,U,2,2017-67,
2017120668,,,,,,,,,,,,,,,,,,,,U,Y,N,U,2,2017-67,
2017058385,,,,,,,,,,,,,,,,,,,,U,U,N,U,2,2017-67,
2017060516,,,,,,,,,,,,,,,,,,,,U,N,N,U,2,2017-67,
2017067771,U,U,N,N,N,N,0,U,U,99999,N,,,,,,,,N,,,,,1,2017-67,
2017043797,,,,,,,,,,,,,,,,,,,,U,N,N,U,2,2017-67,
2017058250,U,U,Y,N,N,N,0,U,U,99999,N,,,,,,,,N,,,,,2,2017-67,
2017058312,U,U,U,U,U,U,9,U,U,99999,N,,,,,,,,N,,,,,2,2017-67,
2018030141,,,,,,,,,,,,,,,,,,,,U,N,N,U,2,2017-67,
2017035527,N,Y,Y,Y,Y,Y,1,Y,Y,600,N,,,,,,,,N,,,,,1,2017-67,
2017106048,U,U,N,U,U,U,9,U,U,99999,N,,,,,,,,N,,,,,2,2017-67,
2017070466,,,,,,,,,,,,,,,,,,,,U,Y,N,U,1,2017-67,
2017046650,,,,,,,,,,,,,,,,,,,,U,Y,N,U,2,2017-67,
2017086720,,,,,,,,,,,,,,,,,,,,U,N,N,U,1,2017-67,
2017093567,,,,,,,,,,,,,,,,,,,,U,N,N,U,1,2017-67,
2017086056,,,,,,,,,,,,,,,,,,,,U,N,Y,U,2,2017-67,
2017115961,,,,,,,,,,,,,,,,,,,,U,N,N,U,2,2017-67,
2017096403,,,,,,,,,,,,,,,,,,,,U,Y,N,U,1,2017-67,
2017086349,,,,,,,,,,,,,,,,,,,,U,N,N,U,1,2017-67,
2017033050,U,U,N,N,N,N,0,U,U,99999,N,,,,,,,,N,,,,,1,2017-67,
2017097997,U,U,U,Y,U,U,9,U,U,99999,N,,,,,,,,N,,,,,1,2017-67,
2017096576,U,U,U,N,U,U,9,U,U,99999,N,,,,,,,,N,,,,,1,2017-67,
2017086092,U,U,U,U,U,U,9,U,U,99999,N,,,,,,,,N,,,,,3,2017-67,
2017097828,,,,,,,,,,,,,,,,,,,,U,Y,N,U,2,2017-67,
2017070498,,,,,,,,,,,,,,,,,,,,U,U,N,U,2,2017-67,
2017093502,,,,,,,,,,,,,,,,,,,,U,N,N,U,2,2017-67,
2017076316,,,,,,,,,,,,,,,,,,,,U,N,N,U,2,2017-67,
2017091801,,,,,,,,,,,,,,,,,,,,U,N,N,U,2,2017-67,
2017127511,,,,,,,,,,,,,,,,,,,,U,N,N,U,2,2017-67,
2017052270,,,,,,,,,,,,,,,,,,,,U,N,N,U,2,2017-67,
2017076184,U,U,N,U,U,U,9,U,U,99999,N,,,,,,,,N,,,,,1,2017-67,
2018005549,,,,,,,,,,,,,,,,,,,,U,N,N,U,2,2017-67,
2017086074,U,U,U,N,N,N,0,U,U,99999,N,,,,,,,,N,,,,,1,2017-67,
2017098002,,,,,,,,,,,,,,,,,,,,U,N,N,U,2,2017-67,
2017109967,,,,,,,,,,,,,,,,,,,,U,N,N,U,2,2017-67,
2017110784,N,Y,U,Y,Y,Y,3,Y,Y,600,N,,,,,,,,N,,,,,1,2017-67,
2017043875,,,,,,,,,,,,,,,,,,,,N,N,N,N,2,2017-67,
2017058319,U,U,Y,Y,U,U,9,U,U,99999,N,,,,,,,,N,,,,,2,2017-67,
2017122783,,,,,,,,,,,,,,,,,,,,U,Y,N,U,2,2017-67,
2017025198,Y,N,Y,N,Y,Y,1,Y,Y,249,N,,,,,,,,N,,,,,2,2017-67,
2017125600,Y,N,U,U,N,N,3,Y,Y,1690,N,,,,,,,,N,,,,,1,2017-67,
2017041156,,,,,,,,,,,,,,,,,,,,U,N,N,U,1,2017-67,
2017052330,,,,,,,,,,,,,,,,,,,,U,N,N,U,1,2017-67,
2017067887,,,,,,,,,,,,,,,,,,,,U,N,N,U,2,2017-67,
2017052373,,,,,,,,,,,,,,,,,,,,Y,N,N,Y,2,2017-67,
2017058263,U,U,Y,Y,U,U,9,U,U,99999,N,,,,,,,,N,,,,,1,2017-67,
2018005468,,,,,,,,,,,,,,,,,,,,U,N,N,U,2,2017-67,
2017097923,,,,,,,,,,,,,,,,,,,,U,N,N,U,2,2017-67,
2017041292,,,,,,,,,,,,,,,,,,,,U,N,N,U,2,2017-67,
2017061964,N,N,N,Y,U,Y,1,Y,N,900,N,,,,,,,,N,,,,,1,2017-67,
2017052422,,,,,,,,,,,,,,,,,,,,U,U,N,U,2,2017-67,
2017130620,,,,,,,,,,,,,,,,,,,,U,U,N,U,2,2017-67,
2017120604,,,,,,,,,,,,,,,,,,,,U,N,N,U,2,2017-67,
2017127463,,,,,,,,,,,,,,,,,,,,U,N,N,U,2,2017-67,
2017068058,,,,,,,,,,,,,,,,,,,,N,N,N,N,2,2017-67,
2017076352,,,,,,,,,,,,,,,,,,,,U,N,N,U,2,2017-67,
2017013948,,,,,,,,,,,,,,,,,,,,N,N,N,N,2,2017-67,
2017035622,,,,,,,,,,,,,,,,,,,,U,U,N,U,1,2017-67,
2017052301,,,,,,,,,,,,,,,,,,,,U,U,N,U,2,2017-67,
2017058222,U,U,Y,N,U,U,9,U,U,99999,N,,,,,,,,N,,,,,2,2017-67,
2017100508,,,,,,,,,,,,,,,,,,,,N,Y,N,Y,2,2017-67,
2017100762,N,Y,Y,Y,U,Y,1,Y,Y,1000,N,,,,,,,,N,,,,,1,2017-67,
2017096561,,,,,,,,,,,,,,,,,,,,U,N,N,U,1,2017-67,
2017115921,,,,,,,,,,,,,,,,,,,,U,N,N,U,2,2017-67,
2017109973,,,,,,,,,,,,,,,,,,,,U,N,N,U,2,2017-67,
2017094181,N,Y,N,Y,Y,Y,1,Y,Y,900,N,,,,,,,,N,,,,,1,2017-67,
2017086077,,,,,,,,,,,,,,,,,,,,U,N,N,U,2,2017-67,
2017088772,U,U,U,U,U,U,9,U,U,99999,N,,,,,,,,N,,,,,1,2017-67,
2017010605,,,,,,,,,,,,,,,,,,,,U,U,N,U,2,2017-67,
2017118192,N,N,N,Y,N,N,1,Y,Y,600,N,,,,,,,,N,,,,,1,2017-67,
2017067806,U,U,U,N,N,N,0,U,U,99999,N,,,,,,,,N,,,,,2,2017-67,
2018029818,,,,,,,,,,,,,,,,,,,,U,U,N,U,2,2017-67,
2017086837,,,,,,,,,,,,,,,,,,,,U,U,N,U,2,2017-67,
2017091668,U,U,U,N,N,N,0,U,U,1000,N,,,,,,,,N,,,,,1,2017-67,
2017093659,N,U,U,N,U,U,9,U,U,99999,N,,,,,,,,N,,,,,1,2017-67,
2017041211,,,,,,,,,,,,,,,,,,,,U,N,N,U,2,2017-67,
2017055621,U,U,Y,U,U,U,9,U,U,99999,N,,,,,,,,N,,,,,2,2017-67,
2017070508,,,,,,,,,,,,,,,,,,,,U,U,N,U,2,2017-67,
2017080573,Y,Y,Y,Y,N,Y,1,Y,Y,600,N,,,,,,,,N,,,,,1,2017-67,
2017068202,N,N,Y,Y,Y,Y,2,Y,N,600,N,,,,,,,,N,,,,,1,2017-67,
2017078719,,,,,,,,,,,,,,,,,,,,U,N,N,U,1,2017-67,
2017093569,U,U,U,N,N,N,0,U,U,99999,N,,,,,,,,N,,,,,1,2017-67,
2017111045,,,,,,,,,,,,,,,,,,,,U,N,Y,U,2,2017-67,
2017127342,,,,,,,,,,,,,,,,,,,,N,N,N,U,2,2017-67,
2017055524,U,U,N,N,U,U,9,U,U,99999,N,,,,,,,,N,,,,,2,2017-67,
2017058387,,,,,,,,,,,,,,,,,,,,U,N,N,U,1,2017-67,
2017068063,N,Y,Y,Y,N,N,0,Y,N,99999,N,,,,,,,,N,,,,,1,2017-67,
2017128018,U,U,Y,N,U,U,9,U,U,99999,N,,,,,,,,N,,,,,2,2017-67,
2017109783,U,U,N,N,U,U,9,U,U,99999,N,,,,,,,,N,,,,,1,2017-67,
2017055477,N,U,N,N,N,N,0,U,U,99999,N,,,,,,,,N,,,,,1,2017-67,
2017055483,N,U,N,N,N,N,0,U,U,99999,N,,,,,,,,N,,,,,1,2017-67,
2017101863,N,U,N,N,N,N,0,U,U,99999,N,,,,,,,,N,,,,,2,2017-67,
2017109853,U,U,U,U,U,U,9,U,U,99999,N,,,,,,,,N,,,,,2,2017-67,
2017041281,U,U,N,N,U,U,1,U,U,99999,N,,,,,,,,N,,,,,2,2017-67,
2017066297,U,U,N,N,U,U,9,U,U,99999,N,,,,,,,,N,,,,,1,2017-67,
2017070428,U,U,N,N,U,U,9,U,U,99999,N,,,,,,,,N,,,,,1,2017-67,
2017076334,,,,,,,,,,,,,,,,,,,,U,N,N,U,1,2017-67,
2017122784,,,,,,,,,,,,,,,,,,,,U,N,N,U,1,2017-67,
2017043878,,,,,,,,,,,,,,,,,,,,U,N,N,U,2,2017-67,
2017099434,,,,,,,,,,,,,,,,,,,,Y,Y,N,Y,2,2017-67,
2017105851,,,,,,,,,,,,,,,,,,,,U,N,N,U,1,2017-67,
2017041356,,,,,,,,,,,,,,,,,,,,U,N,N,U,2,2017-67,
2017043866,,,,,,,,,,,,,,,,,,,,U,N,N,U,2,2017-67,
2017041240,U,U,U,N,N,N,0,U,U,99999,N,,,,,,,,N,,,,,2,2017-67,
2017086832,,,,,,,,,,,,,,,,,,,,U,N,N,U,2,2017-67,
2017097816,U,Y,Y,Y,Y,Y,2,Y,Y,650,N,,,,,,,,N,,,,,2,2017-67,
2017078788,,,,,,,,,,,,,,,,,,,,U,U,N,U,2,2017-67,
2018020761,,,,,,,,,,,,,,,,,,,,U,N,N,U,2,2017-67,
2017047545,N,Y,Y,Y,N,N,0,Y,N,650,N,,,,,,,,N,,,,,1,2017-67,
2017058322,,,,,,,,,,,,,,,,,,,,U,Y,N,U,2,2017-67,
2017086302,,,,,,,,,,,,,,,,,,,,U,N,N,U,2,2017-67,
2017111557,,,,,,,,,,,,,,,,,,,,U,Y,N,U,2,2017-67,
2017019085,,,,,,,,,,,,,,,,,,,,N,N,Y,Y,2,2017-67,
2017076145,,,,,,,,,,,,,,,,,,,,U,U,N,U,2,2017-67,
2017096441,U,U,U,N,N,N,0,U,U,99999,N,,,,,,,,N,,,,,1,2017-67,
2017085902,N,N,N,Y,Y,Y,1,Y,N,1000,N,,,,,,,,N,,,,,1,2017-67,
2017086817,U,U,Y,U,U,U,9,U,U,99999,N,,,,,,,,N,,,,,2,2017-67,
2017086217,U,U,N,N,N,N,0,U,U,99999,N,,,,,,,,N,,,,,1,2017-67,
2017041230,,,,,,,,,,,,,,,,,,,,U,Y,N,U,2,2017-67,
2017067838,,,,,,,,,,,,,,,,,,,,U,N,N,U,2,2017-67,
2017071793,,,,,,,,,,,,,,,,,,,,U,U,N,U,2,2017-67,
2017091291,N,Y,Y,N,Y,Y,1,Y,N,750,N,,,,,,,,N,,,,,1,2017-67,
2018005467,,,,,,,,,,,,,,,,,,,,U,N,N,U,2,2017-67,
2017109766,N,U,N,N,N,N,0,U,U,99999,Y,U,N,N,N,0,U,U,N,,,,,1,2017-67,
2017135084,U,U,Y,N,U,U,9,U,U,99999,N,,,,,,,,N,,,,,2,2017-67,
2017070503,,,,,,,,,,,,,,,,,,,,U,U,N,U,2,2017-67,
2017058334,,,,,,,,,,,,,,,,,,,,U,N,N,U,1,2017-67,
2017033142,U,U,Y,Y,N,N,0,U,U,99999,N,,,,,,,,N,,,,,2,2017-67,
2017041373,U,U,N,N,N,N,0,U,U,99999,N,,,,,,,,N,,,,,1,2017-67,
2017028802,,,,,,,,,,,,,,,,,,,,U,N,N,U,2,2017-67,
2017127432,U,U,N,N,U,U,9,U,U,99999,N,,,,,,,,N,,,,,1,2017-67,
2017116098,,,,,,,,,,,,,,,,,,,,U,Y,N,U,1,2017-67,
2017116118,U,U,N,Y,U,U,9,U,U,99999,N,,,,,,,,N,,,,,2,2017-67,
2017116118,U,U,N,Y,U,U,9,U,U,99999,N,,,,,,,,N,,,,,3,2017-67,
2017105994,U,U,Y,U,U,U,9,U,U,99999,N,,,,,,,,N,,,,,1,2017-67,
2017109919,,,,,,,,,,,,,,,,,,,,U,N,N,U,2,2017-67,
2017135019,,,,,,,,,,,,,,,,,,,,U,N,N,U,2,2017-67,
2017013169,,,,,,,,,,,,,,,,,,,,U,N,N,U,2,2017-67,
2017076345,N,U,N,U,U,U,9,U,U,99999,N,,,,,,,,N,,,,,2,2017-67,
2017076345,N,U,N,U,U,U,9,U,U,99999,N,,,,,,,,N,,,,,3,2017-67,
2017127543,,,,,,,,,,,,,,,,,,,,U,U,N,U,2,2017-67,
2018028954,,,,,,,,,,,,,,,,,,,,U,N,N,U,2,2017-67,
2017007208,N,N,Y,Y,U,Y,1,Y,Y,487,N,,,,,,,,N,,,,,2,2017-67,
2017130690,,,,,,,,,,,,,,,,,,,,Y,N,N,Y,2,2017-67,
2017115952,,,,,,,,,,,,,,,,,,,,U,N,N,U,1,2017-67,
2017127523,,,,,,,,,,,,,,,,,,,,U,N,N,U,2,2017-67,
2017086043,,,,,,,,,,,,,,,,,,,,U,N,N,U,2,2017-67,
2017109764,,,,,,,,,,,,,,,,,,,,N,N,N,N,2,2017-67,
2017086633,,,,,,,,,,,,,,,,,,,,N,U,N,Y,2,2017-67,
2017066965,Y,Y,Y,Y,Y,Y,3,Y,Y,1690,N,,,,,,,,N,,,,,1,2017-67,
2017086223,,,,,,,,,,,,,,,,,,,,U,Y,N,U,2,2017-67,
2017086340,N,U,Y,U,U,U,9,N,N,99999,N,,,,,,,,N,,,,,1,2017-67,
2017086636,U,U,N,U,U,N,1,Y,U,99999,N,,,,,,,,N,,,,,1,2017-67,
2017086636,,,,,,,,,,,,,,,,,,,,U,Y,N,U,2,2017-67,
2017115957,,,,,,,,,,,,,,,,,,,,U,N,N,U,2,2017-67,
2017067913,,,,,,,,,,,,,,,,,,,,U,N,N,U,2,2017-67,
2017028850,,,,,,,,,,,,,,,,,,,,U,U,N,U,2,2017-67,
2017043808,,,,,,,,,,,,,,,,,,,,U,Y,N,U,2,2017-67,
2017133972,,,,,,,,,,,,,,,,,,,,U,N,N,U,1,2017-67,
2017068048,,,,,,,,,,,,,,,,,,,,U,N,N,U,1,2017-67,
2017067995,,,,,,,,,,,,,,,,,,,,U,N,N,U,2,2017-67,
2017076167,U,U,N,N,N,N,0,U,U,99999,N,,,,,,,,N,,,,,1,2017-67,
2017120522,,,,,,,,,,,,,,,,,,,,U,N,N,U,2,2017-67,
2017052197,U,U,U,U,U,U,9,U,U,99999,N,,,,,,,,N,,,,,1,2017-67,
2017060649,U,U,N,Y,U,U,9,U,U,99999,N,,,,,,,,N,,,,,1,2017-67,
2017060649,,,,,,,,,,,,,,,,,,,,U,N,N,U,2,2017-67,
2017019083,,,,,,,,,,,,,,,,,,,,U,Y,N,U,1,2017-67,
2017101811,,,,,,,,,,,,,,,,,,,,U,U,N,U,2,2017-67,
2017128058,,,,,,,,,,,,,,,,,,,,U,U,N,U,2,2017-67,
2017120491,,,,,,,,,,,,,,,,,,,,N,N,N,Y,1,2017-67,
2017127400,,,,,,,,,,,,,,,,,,,,U,U,N,U,2,2017-67,
2017041420,,,,,,,,,,,,,,,,,,,,U,N,N,U,2,2017-67,
2017058223,U,U,U,U,U,U,9,U,U,99999,N,,,,,,,,U,,,,,1,2017-67,
2017058239,,,,,,,,,,,,,,,,,,,,U,N,N,U,2,2017-67,
2017090870,,,,,,,,,,,,,,,,,,,,U,Y,N,Y,1,2017-67,
2017105961,U,U,U,N,U,U,9,U,U,99999,N,,,,,,,,N,,,,,2,2017-67,
2017041207,,,,,,,,,,,,,,,,,,,,U,Y,N,U,2,2017-67,
2017086057,,,,,,,,,,,,,,,,,,,,U,N,N,U,2,2017-67,
2017117233,,,,,,,,,,,,,,,,,,,,U,N,N,U,2,2017-67,
2017055581,U,U,N,N,U,U,9,U,U,99999,N,,,,,,,,N,,,,,1,2017-67,
2017096533,,,,,,,,,,,,,,,,,,,,N,N,N,N,1,2017-67,
2017070415,,,,,,,,,,,,,,,,,,,,U,N,N,U,2,2017-67,
2017070969,,,,,,,,,,,,,,,,,,,,N,N,N,U,1,2017-67,
2017086089,N,Y,U,U,U,Y,1,N,U,99999,N,,,,,,,,N,,,,,1,2017-67,
2017127907,,,,,,,,,,,,,,,,,,,,U,N,N,U,2,2017-67,
2018029792,,,,,,,,,,,,,,,,,,,,U,N,N,U,1,2017-67,
2017084828,Y,N,Y,Y,U,Y,3,Y,N,1690,N,,,,,,,,N,,,,,2,2017-67,
2017088994,U,U,U,U,U,U,9,U,U,99999,N,,,,,,,,N,,,,,1,2017-67,
2017086051,U,U,U,N,N,N,0,U,U,99999,N,,,,,,,,N,,,,,1,2017-67,
2017010978,N,U,U,Y,U,U,1,Y,Y,99999,N,,,,,,,,N,,,,,1,2017-67,
2017097986,,,,,,,,,,,,,,,,,,,,U,N,N,U,2,2017-67,
2017063612,N,N,U,Y,U,Y,1,Y,Y,300,N,,,,,,,,N,,,,,2,2017-67,
2017097617,N,N,Y,Y,Y,Y,1,Y,Y,696,N,,,,,,,,N,,,,,1,2017-67,
2017052300,U,U,U,N,N,N,0,U,U,99999,N,,,,,,,,N,,,,,2,2017-67,
2017052368,,,,,,,,,,,,,,,,,,,,U,N,N,U,2,2017-67,
2017055530,N,U,N,N,N,N,0,U,U,99999,Y,U,N,N,N,0,U,U,N,,,,,1,2017-67,
2017076300,,,,,,,,,,,,,,,,,,,,U,N,N,U,2,2017-67,
2017076308,U,U,N,N,N,N,0,U,U,99999,N,,,,,,,,N,,,,,1,2017-67,
2017093589,,,,,,,,,,,,,,,,,,,,U,N,N,U,2,2017-67,
2017067770,U,U,Y,N,N,N,0,U,U,99999,Y,U,N,N,N,0,U,U,N,,,,,2,2017-67,
2017075219,N,N,Y,Y,U,Y,1,Y,N,998,N,,,,,,,,N,,,,,1,2017-67,
2017116211,,,,,,,,,,,,,,,,,,,,U,Y,N,U,1,2017-67,
2017103242,,,,,,,,,,,,,,,,,,,,Y,Y,N,Y,2,2017-67,
2017021597,,,,,,,,,,,,,,,,,,,,U,U,N,U,1,2017-67,
2017028839,,,,,,,,,,,,,,,,,,,,U,N,N,U,2,2017-67,
2017127203,,,,,,,,,,,,,,,,,,,,U,Y,N,U,2,2017-67,
2017033089,,,,,,,,,,,,,,,,,,,,U,N,N,U,2,2017-67,
2017043889,U,U,N,N,N,N,0,U,U,99999,N,,,,,,,,N,,,,,1,2017-67,
2017052295,N,U,N,N,N,N,0,U,U,99999,Y,U,N,N,N,0,U,U,N,,,,,1,2017-67,
2017106054,,,,,,,,,,,,,,,,,,,,U,U,N,U,2,2017-67,
2017070461,,,,,,,,,,,,,,,,,,,,U,N,N,U,2,2017-67,
2017086875,,,,,,,,,,,,,,,,,,,,U,N,N,U,1,2017-67,
2017114365,,,,,,,,,,,,,,,,,,,,N,N,N,N,2,2017-67,
2017116110,,,,,,,,,,,,,,,,,,,,U,N,N,U,2,2017-67,
2017007745,N,U,N,U,U,U,9,U,U,99999,N,,,,,,,,N,,,,,1,2017-67,
2017109835,,,,,,,,,,,,,,,,,,,,U,N,N,U,2,2017-67,
2017041154,,,,,,,,,,,,,,,,,,,,U,Y,N,U,2,2017-67,
2017052283,,,,,,,,,,,,,,,,,,,,U,N,N,U,1,2017-67,
2017052460,,,,,,,,,,,,,,,,,,,,U,N,N,U,2,2017-67,
2017076296,,,,,,,,,,,,,,,,,,,,U,N,N,U,2,2017-67,
2017086258,,,,,,,,,,,,,,,,,,,,U,U,N,U,2,2017-67,
2017086127,,,,,,,,,,,,,,,,,,,,U,N,N,U,2,2017-67,
2017037518,,,,,,,,,,,,,,,,,,,,U,N,N,U,1,2017-67,
2017041157,,,,,,,,,,,,,,,,,,,,U,N,N,U,2,2017-67,
2017055601,U,U,U,U,U,U,9,U,U,99999,N,,,,,,,,N,,,,,1,2017-67,
2018026738,N,U,N,N,U,U,9,U,U,99999,N,,,,,,,,N,,,,,1,2017-67,
2017088741,,,,,,,,,,,,,,,,,,,,N,N,N,N,2,2017-67,
2017046977,Y,N,Y,Y,N,N,0,Y,Y,747,N,,,,,,,,N,,,,,1,2017-67,
2017088924,,,,,,,,,,,,,,,,,,,,U,N,N,U,2,2017-67,
2017107619,Y,N,Y,Y,Y,Y,1,Y,Y,99999,N,,,,,,,,N,,,,,1,2017-67,
2017099184,,,,,,,,,,,,,,,,,,,,N,Y,N,Y,2,2017-67,
2017130608,N,U,N,N,N,N,0,U,U,99999,N,,,,,,,,N,,,,,1,2017-67,
2017086096,,,,,,,,,,,,,,,,,,,,N,Y,N,Y,1,2017-67,
2017116210,,,,,,,,,,,,,,,,,,,,N,N,N,N,1,2017-67,
2017120424,U,U,N,Y,U,U,9,U,U,99999,N,,,,,,,,N,,,,,2,2017-67,
2017076170,,,,,,,,,,,,,,,,,,,,U,U,N,U,2,2017-67,
2017093532,U,U,Y,N,U,U,9,U,U,99999,Y,U,N,U,U,9,U,U,N,,,,,1,2017-67,
2017021541,,,,,,,,,,,,,,,,,,,,U,U,N,U,2,2017-67,
2017093383,,,,,,,,,,,,,,,,,,,,N,Y,N,N,2,2017-67,
2017040552,N,N,N,Y,U,U,1,Y,Y,1124,N,,,,,,,,N,,,,,1,2017-67,
2017035790,,,,,,,,,,,,,,,,,,,,U,N,N,U,2,2017-67,
2017117239,,,,,,,,,,,,,,,,,,,,U,N,N,U,2,2017-67,
2017084931,N,Y,Y,N,N,N,0,Y,N,1801,Y,N,N,N,N,0,N,N,N,,,,,1,2017-67,
2017086064,,,,,,,,,,,,,,,,,,,,U,N,Y,U,2,2017-67,
2017019155,,,,,,,,,,,,,,,,,,,,U,U,N,U,2,2017-67,
2017058328,N,U,N,U,U,U,9,U,U,99999,N,,,,,,,,N,,,,,1,2017-67,
2017086093,U,U,Y,N,N,N,0,U,U,99999,N,,,,,,,,N,,,,,1,2017-67,
2017021514,,,,,,,,,,,,,,,,,,,,U,N,N,U,1,2017-67,
2017043784,U,U,Y,Y,U,U,9,U,U,99999,N,,,,,,,,N,,,,,1,2017-67,
2017058226,,,,,,,,,,,,,,,,,,,,U,Y,N,U,2,2017-67,
2017058234,,,,,,,,,,,,,,,,,,,,U,U,N,U,2,2017-67,
2017052097,,,,,,,,,,,,,,,,,,,,U,N,N,U,2,2017-67,
2017011708,,,,,,,,,,,,,,,,,,,,N,N,N,U,2,2017-67,
2017086912,,,,,,,,,,,,,,,,,,,,U,N,N,U,2,2017-67,
2017091844,,,,,,,,,,,,,,,,,,,,U,N,N,U,2,2017-67,
2017052408,,,,,,,,,,,,,,,,,,,,U,N,N,U,2,2017-67,
2017105939,U,U,Y,U,U,U,9,U,U,99999,N,,,,,,,,N,,,,,1,2017-67,
2017128103,,,,,,,,,,,,,,,,,,,,U,N,N,U,2,2017-67,
2017133991,,,,,,,,,,,,,,,,,,,,U,N,N,U,2,2017-67,
2017060513,,,,,,,,,,,,,,,,,,,,U,N,N,U,1,2017-67,
2017076275,U,U,N,U,U,U,9,U,U,99999,N,,,,,,,,N,,,,,2,2017-67,
2017076336,,,,,,,,,,,,,,,,,,,,U,N,N,U,2,2017-67,
2017088759,U,U,Y,Y,U,U,1,U,U,99999,N,,,,,,,,N,,,,,2,2017-67,
2017135080,,,,,,,,,,,,,,,,,,,,U,N,N,U,2,2017-67,
2017101882,,,,,,,,,,,,,,,,,,,,U,N,N,U,2,2017-67,
2017041175,,,,,,,,,,,,,,,,,,,,U,N,N,U,2,2017-67,
2017055630,,,,,,,,,,,,,,,,,,,,U,N,N,U,2,2017-67,
2017065904,Y,N,Y,Y,Y,N,3,Y,Y,1600,N,,,,,,,,N,,,,,1,2017-67,
2017086128,,,,,,,,,,,,,,,,,,,,U,N,N,U,2,2017-67,
2017088908,,,,,,,,,,,,,,,,,,,,U,N,N,U,2,2017-67,
2017070480,,,,,,,,,,,,,,,,,,,,U,N,N,U,2,2017-67,
2017088936,U,U,U,N,U,U,9,U,U,99999,N,,,,,,,,N,,,,,1,2017-67,
2017120556,,,,,,,,,,,,,,,,,,,,U,U,N,U,2,2017-67,
2017055462,,,,,,,,,,,,,,,,,,,,U,N,N,U,2,2017-67,
2017060734,U,U,U,U,U,U,9,U,U,99999,N,,,,,,,,N,,,,,1,2017-67,
2017088972,,,,,,,,,,,,,,,,,,,,U,U,N,U,2,2017-67,
2017093562,,,,,,,,,,,,,,,,,,,,Y,N,N,Y,2,2017-67,
2017035593,,,,,,,,,,,,,,,,,,,,U,U,N,U,2,2017-67,
2017043787,U,U,N,U,U,U,9,U,U,99999,Y,U,U,U,U,9,U,U,N,,,,,1,2017-67,
2017118135,N,N,N,Y,Y,N,1,Y,Y,1400,N,,,,,,,,N,,,,,1,2017-67,
2017088831,U,U,Y,N,U,U,9,U,U,99999,N,,,,,,,,N,,,,,1,2017-67,
2017105865,,,,,,,,,,,,,,,,,,,,U,N,N,U,2,2017-67,
2017052228,,,,,,,,,,,,,,,,,,,,U,U,N,U,2,2017-67,
2017058265,U,U,N,N,U,U,9,U,U,99999,N,,,,,,,,N,,,,,2,2017-67,
2017021533,,,,,,,,,,,,,,,,,,,,Y,Y,N,Y,2,2017-67,
2017109971,,,,,,,,,,,,,,,,,,,,U,U,N,U,2,2017-67,
2017109971,U,U,U,U,U,U,9,U,U,99999,U,,,,,,,,U,,,,,1,2017-67,
2017041328,,,,,,,,,,,,,,,,,,,,U,Y,N,U,1,2017-67,
2017105932,,,,,,,,,,,,,,,,,,,,N,N,N,N,2,2017-67,
2017086878,U,U,N,N,N,N,0,U,U,99999,N,,,,,,,,N,,,,,2,2017-67,
2017115963,,,,,,,,,,,,,,,,,,,,U,N,N,U,2,2017-67,
2017107918,,,,,,,,,,,,,,,,,,,,N,N,N,N,1,2017-67,
2017052407,,,,,,,,,,,,,,,,,,,,U,N,N,U,2,2017-67,
2017120647,,,,,,,,,,,,,,,,,,,,U,N,N,U,2,2017-67,
2017109895,,,,,,,,,,,,,,,,,,,,U,N,N,U,2,2017-67,
2017070439,U,U,Y,N,N,N,0,U,U,99999,N,,,,,,,,N,,,,,1,2017-67,
2018020752,,,,,,,,,,,,,,,,,,,,U,N,N,U,3,2017-67,
2017101854,,,,,,,,,,,,,,,,,,,,U,N,N,U,2,2017-67,
2017060703,U,U,U,N,U,U,9,U,U,99999,N,,,,,,,,N,,,,,2,2017-67,
2017060451,U,U,U,N,U,U,9,U,U,99999,N,,,,,,,,N,,,,,1,2017-67,
2017053236,,,,,,,,,,,,,,,,,,,,N,N,N,Y,2,2017-67,
2017096433,,,,,,,,,,,,,,,,,,,,U,N,N,U,2,2017-67,
2017013906,,,,,,,,,,,,,,,,,,,,N,N,N,Y,2,2017-67,
2017067848,,,,,,,,,,,,,,,,,,,,U,N,N,U,2,2017-67,
2017132620,,,,,,,,,,,,,,,,,,,,U,N,N,U,2,2017-67,
2017033575,U,U,Y,Y,U,U,9,U,U,99999,N,,,,,,,,N,,,,,2,2017-67,
2017091760,,,,,,,,,,,,,,,,,,,,U,N,N,U,2,2017-67,
2017013991,,,,,,,,,,,,,,,,,,,,N,N,N,N,2,2017-67,
2017021595,N,U,U,U,U,U,9,U,U,650,N,,,,,,,,N,,,,,2,2017-67,
2017013969,,,,,,,,,,,,,,,,,,,,N,N,N,N,2,2017-67,
2017033104,,,,,,,,,,,,,,,,,,,,U,U,N,U,2,2017-67,
2017109831,,,,,,,,,,,,,,,,,,,,U,N,N,U,2,2017-67,
2017116100,U,U,Y,N,U,U,9,U,U,99999,N,,,,,,,,N,,,,,1,2017-67,
2017067899,,,,,,,,,,,,,,,,,,,,U,N,N,U,2,2017-67,
2018029781,,,,,,,,,,,,,,,,,,,,U,N,N,U,2,2017-67,
2018020721,,,,,,,,,,,,,,,,,,,,U,N,N,U,2,2017-67,
2017115992,U,U,Y,N,U,U,9,U,U,99999,N,,,,,,,,N,,,,,1,2017-67,
2017098014,U,U,Y,U,U,U,9,U,U,99999,N,,,,,,,,N,,,,,1,2017-67,
2017105873,,,,,,,,,,,,,,,,,,,,U,N,N,U,2,2017-67,
2017109941,,,,,,,,,,,,,,,,,,,,U,U,N,U,2,2017-67,
2017067695,U,U,Y,N,U,U,1,U,U,99999,N,,,,,,,,N,,,,,1,2017-67,
2017033029,,,,,,,,,,,,,,,,,,,,N,N,N,N,2,2017-67,
2017109828,U,U,N,N,N,N,0,U,U,99999,N,,,,,,,,N,,,,,1,2017-67,
2017091763,,,,,,,,,,,,,,,,,,,,U,N,N,U,2,2017-67,
2017055357,,,,,,,,,,,,,,,,,,,,N,Y,N,Y,2,2017-67,
2017067758,,,,,,,,,,,,,,,,,,,,N,Y,N,N,1,2017-67,
2017105920,,,,,,,,,,,,,,,,,,,,U,U,N,U,1,2017-67,
2017055487,U,U,U,N,U,U,9,U,U,99999,N,,,,,,,,N,,,,,1,2017-67,
2017068074,,,,,,,,,,,,,,,,,,,,U,N,N,U,2,2017-67,
2017052275,,,,,,,,,,,,,,,,,,,,U,N,N,U,1,2017-67,
2017060706,U,U,Y,U,U,U,9,U,U,99999,N,,,,,,,,N,,,,,2,2017-67,
2017060706,U,U,Y,U,U,U,9,U,U,99999,N,,,,,,,,N,,,,,1,2017-67,
2017078763,U,U,N,N,N,N,0,U,U,99999,N,,,,,,,,N,,,,,2,2017-67,
2017041347,,,,,,,,,,,,,,,,,,,,U,N,N,U,1,2017-67,
2017055582,N,U,N,N,N,N,0,U,U,99999,N,,,,,,,,N,,,,,2,2017-67,
2017093230,N,N,Y,Y,Y,Y,1,Y,N,600,N,,,,,,,,N,,,,,1,2017-67,
2017019106,,,,,,,,,,,,,,,,,,,,U,U,N,U,2,2017-67,
2017097935,,,,,,,,,,,,,,,,,,,,U,N,N,U,2,2017-67,
2017037491,,,,,,,,,,,,,,,,,,,,N,N,N,U,2,2017-67,
2017052274,,,,,,,,,,,,,,,,,,,,U,N,N,U,2,2017-67,
2017060666,,,,,,,,,,,,,,,,,,,,U,U,N,U,2,2017-67,
2018027482,,,,,,,,,,,,,,,,,,,,U,U,N,U,2,2017-67,
2017078786,U,U,U,N,N,N,0,U,U,99999,N,,,,,,,,N,,,,,1,2017-67,
2017078858,U,U,N,N,U,U,9,U,U,99999,Y,U,N,U,U,9,U,U,N,,,,,2,2017-67,
2017091829,,,,,,,,,,,,,,,,,,,,U,N,N,U,1,2017-67,
2017130723,,,,,,,,,,,,,,,,,,,,N,N,N,Y,2,2017-67,
2017122787,,,,,,,,,,,,,,,,,,,,U,Y,N,U,1,2017-67,
2017076146,N,U,N,U,U,U,9,U,U,99999,N,,,,,,,,N,,,,,1,2017-67,
2018005447,U,U,N,N,N,N,0,U,U,99999,N,,,,,,,,N,,,,,1,2017-67,
2017116009,N,U,N,U,U,U,9,U,U,99999,N,,,,,,,,N,,,,,1,2017-67,
2017014003,,,,,,,,,,,,,,,,,,,,N,Y,N,Y,1,2017-67,
2017096552,,,,,,,,,,,,,,,,,,,,U,Y,N,U,2,2017-67,
2017088847,,,,,,,,,,,,,,,,,,,,Y,N,N,Y,2,2017-67,
2018027556,,,,,,,,,,,,,,,,,,,,U,N,N,U,1,2017-67,
2017096240,N,Y,Y,Y,N,N,0,Y,N,1340,N,,,,,,,,N,,,,,1,2017-67,
2017115908,,,,,,,,,,,,,,,,,,,,U,N,N,U,2,2017-67,
2017115994,U,U,U,U,U,U,9,U,U,99999,Y,U,U,U,U,9,U,U,N,,,,,1,2017-67,
2017109796,,,,,,,,,,,,,,,,,,,,U,N,N,U,1,2017-67,
2017076168,U,U,Y,N,U,U,9,U,U,99999,N,,,,,,,,N,,,,,2,2017-67,
2018025159,U,U,U,N,N,N,0,U,U,99999,N,,,,,,,,U,,,,,1,2017-67,
2017096547,,,,,,,,,,,,,,,,,,,,U,U,N,U,2,2017-67,
2017116213,,,,,,,,,,,,,,,,,,,,U,Y,N,U,2,2017-67,
2017105975,,,,,,,,,,,,,,,,,,,,U,U,N,U,2,2017-67,
2017055511,,,,,,,,,,,,,,,,,,,,U,U,N,U,2,2017-67,
2017055522,U,U,U,Y,U,U,9,U,U,99999,N,,,,,,,,N,,,,,1,2017-67,
2017068180,N,N,Y,Y,N,N,0,Y,Y,1000,N,,,,,,,,N,,,,,2,2017-67,
2017088779,N,N,N,N,N,N,0,N,N,99999,N,,,,,,,,N,,,,,5,2017-67,
2017052140,,,,,,,,,,,,,,,,,,,,U,U,N,U,2,2017-67,
2017116019,,,,,,,,,,,,,,,,,,,,U,N,N,U,2,2017-67,
2017013976,U,U,U,U,U,U,9,U,U,99999,N,,,,,,,,U,,,,,1,2017-67,
2017127352,U,U,Y,N,N,N,0,U,U,99999,N,,,,,,,,N,,,,,1,2017-67,
2017133996,,,,,,,,,,,,,,,,,,,,U,Y,N,U,2,2017-67,
2017067858,U,U,N,N,N,N,0,U,U,99999,N,,,,,,,,N,,,,,2,2017-67,
2017086156,,,,,,,,,,,,,,,,,,,,N,N,N,Y,2,2017-67,
2017088949,,,,,,,,,,,,,,,,,,,,U,N,N,U,2,2017-67,
2017052190,N,Y,U,U,U,Y,1,Y,Y,99999,N,,,,,,,,N,,,,,2,2017-67,
2017060563,,,,,,,,,,,,,,,,,,,,U,N,N,U,2,2017-67,
2017060549,U,U,U,N,N,N,0,U,U,99999,N,,,,,,,,N,,,,,1,2017-67,
2017109905,,,,,,,,,,,,,,,,,,,,U,Y,N,U,2,2017-67,
2017052382,U,U,N,N,N,N,0,U,U,99999,N,,,,,,,,N,,,,,2,2017-67,
2017122797,,,,,,,,,,,,,,,,,,,,U,Y,N,U,2,2017-67,
2017019039,,,,,,,,,,,,,,,,,,,,U,U,N,U,2,2017-67,
2017060632,,,,,,,,,,,,,,,,,,,,U,N,N,U,2,2017-67,
2017076137,U,U,U,U,U,U,9,U,U,99999,N,,,,,,,,N,,,,,2,2017-67,
2017093509,,,,,,,,,,,,,,,,,,,,N,N,N,U,2,2017-67,
2017096452,N,N,Y,Y,U,U,1,N,N,99999,N,,,,,,,,N,,,,,1,2017-67,
2017028898,,,,,,,,,,,,,,,,,,,,U,N,N,U,1,2017-67,
2017052186,U,U,Y,N,N,N,0,U,U,99999,N,,,,,,,,N,,,,,1,2017-67,
2017109972,,,,,,,,,,,,,,,,,,,,U,N,N,U,1,2017-67,
2017060750,,,,,,,,,,,,,,,,,,,,U,N,N,U,1,2017-67,
2017037438,U,U,N,N,U,U,9,U,U,99999,N,,,,,,,,N,,,,,1,2017-67,
2017093633,,,,,,,,,,,,,,,,,,,,U,N,N,U,2,2017-67,
2017067879,U,U,N,U,N,N,0,U,U,99999,N,,,,,,,,N,,,,,1,2017-67,
2017070444,,,,,,,,,,,,,,,,,,,,U,N,N,U,2,2017-67,
2017086075,,,,,,,,,,,,,,,,,,,,U,U,N,U,1,2017-67,
2017088948,,,,,,,,,,,,,,,,,,,,N,N,N,N,2,2017-67,
2017096244,N,N,Y,N,N,N,0,Y,N,96,N,,,,,,,,N,,,,,1,2017-67,
2017109756,,,,,,,,,,,,,,,,,,,,U,N,N,Y,2,2017-67,
2017135072,,,,,,,,,,,,,,,,,,,,U,N,N,U,1,2017-67,
2017082273,N,N,Y,Y,Y,Y,1,Y,N,600,N,,,,,,,,N,,,,,1,2017-67,
2017090913,Y,Y,Y,Y,N,N,0,Y,Y,1800,N,,,,,,,,N,,,,,1,2017-67,
2017096475,,,,,,,,,,,,,,,,,,,,U,Y,N,U,2,2017-67,
2017093594,U,U,Y,N,N,N,0,U,U,99999,N,,,,,,,,N,,,,,2,2017-67,
2017118138,N,N,N,Y,Y,Y,1,Y,Y,600,N,,,,,,,,N,,,,,1,2017-67,
2017093585,,,,,,,,,,,,,,,,,,,,U,N,N,U,2,2017-67,
2017068064,,,,,,,,,,,,,,,,,,,,U,N,N,U,2,2017-67,
2017052096,,,,,,,,,,,,,,,,,,,,U,N,N,U,1,2017-67,
2017101814,Y,U,Y,U,U,U,9,U,U,99999,N,,,,,,,,N,,,,,2,2017-67,
2017101815,,,,,,,,,,,,,,,,,,,,U,N,N,U,2,2017-67,
2017107679,N,N,U,Y,U,Y,1,Y,Y,954,N,,,,,,,,N,,,,,1,2017-67,
2018026739,,,,,,,,,,,,,,,,,,,,U,N,N,U,1,2017-67,
2017052103,U,U,N,N,N,N,0,U,U,99999,N,,,,,,,,N,,,,,1,2017-67,
2017086784,,,,,,,,,,,,,,,,,,,,U,N,N,U,2,2017-67,
2017091860,U,U,Y,N,N,N,0,U,U,99999,N,,,,,,,,N,,,,,1,2017-67,
2017115959,U,U,N,N,U,U,9,U,U,99999,N,,,,,,,,N,,,,,1,2017-67,
2017033044,U,U,Y,U,U,U,9,U,U,99999,N,,,,,,,,N,,,,,1,2017-67,
2017028906,,,,,,,,,,,,,,,,,,,,U,U,N,U,1,2017-67,
2017105929,,,,,,,,,,,,,,,,,,,,N,N,N,N,2,2017-67,
2017086706,,,,,,,,,,,,,,,,,,,,U,N,N,U,2,2017-67,
2017097794,,,,,,,,,,,,,,,,,,,,U,U,N,U,2,2017-67,
2017117230,,,,,,,,,,,,,,,,,,,,U,N,N,U,1,2017-67,
2017043553,Y,Y,Y,Y,Y,Y,3,Y,N,1737,N,,,,,,,,N,,,,,1,2017-67,
2017043833,N,U,N,U,U,U,9,U,U,99999,N,,,,,,,,N,,,,,1,2017-67,
2017041160,,,,,,,,,,,,,,,,,,,,U,N,N,U,2,2017-67,
2017091762,,,,,,,,,,,,,,,,,,,,U,N,N,U,2,2017-67,
2017047890,,,,,,,,,,,,,,,,,,,,U,Y,N,U,2,2017-67,
2017021504,,,,,,,,,,,,,,,,,,,,U,N,N,U,2,2017-67,
2017107965,,,,,,,,,,,,,,,,,,,,U,U,N,U,2,2017-67,
2017120727,U,U,Y,U,U,U,9,U,U,99999,N,,,,,,,,N,,,,,2,2017-67,
2017070497,,,,,,,,,,,,,,,,,,,,U,N,N,U,2,2017-67,
2017076153,,,,,,,,,,,,,,,,,,,,U,N,N,U,2,2017-67,
2017076265,,,,,,,,,,,,,,,,,,,,U,N,N,U,1,2017-67,
2017120516,,,,,,,,,,,,,,,,,,,,U,N,N,U,2,2017-67,
2017107963,,,,,,,,,,,,,,,,,,,,U,N,N,U,2,2017-67,
2017052383,,,,,,,,,,,,,,,,,,,,U,N,N,U,2,2017-67,
2017052155,N,U,Y,N,U,U,9,Y,N,99999,Y,U,N,N,N,0,U,U,N,,,,,1,2017-67,
2017067677,,,,,,,,,,,,,,,,,,,,U,Y,N,U,2,2017-67,
2017063186,,,,,,,,,,,,,,,,,,,,U,Y,N,U,1,2017-67,
2017078761,N,U,N,N,N,N,0,U,U,99999,N,,,,,,,,N,,,,,2,2017-67,
2017078869,,,,,,,,,,,,,,,,,,,,U,Y,N,U,1,2017-67,
2017076154,U,U,N,U,U,U,9,U,U,99999,N,,,,,,,,N,,,,,1,2017-67,
2017076259,U,U,U,N,N,N,0,U,U,99999,N,,,,,,,,N,,,,,2,2017-67,
2017066007,,,,,,,,,,,,,,,,,,,,N,Y,N,Y,2,2017-67,
2017067738,U,U,U,N,N,N,0,U,U,99999,N,,,,,,,,N,,,,,1,2017-67,
2017058268,,,,,,,,,,,,,,,,,,,,U,Y,N,U,2,2017-67,
2017060658,,,,,,,,,,,,,,,,,,,,U,N,N,U,2,2017-67,
2017070405,N,U,N,N,N,N,0,U,U,99999,N,,,,,,,,N,,,,,2,2017-67,
2017076200,U,U,Y,U,U,U,9,U,U,99999,N,,,,,,,,N,,,,,2,2017-67,
2018072752,,,,,,,,,,,,,,,,,,,,U,N,N,Y,3,2018-67,
2018072752,,,,,,,,,,,,,,,,,,,,U,N,N,Y,2,2018-67,
2018058768,Y,Y,Y,Y,Y,Y,1,Y,Y,1200,N,,,,,,,,N,,,,,1,2018-67,
2018070756,N,N,N,Y,Y,Y,3,Y,Y,1918,N,,,,,,,,N,,,,,1,2018-67,
2018114770,N,U,U,Y,N,N,0,Y,U,150,N,,,,,,,,N,,,,,1,2018-67,
2018073986,N,N,Y,Y,U,Y,1,Y,Y,99999,N,,,,,,,,N,,,,,1,2018-67,
2018068649,Y,Y,N,Y,N,Y,2,Y,N,1100,N,,,,,,,,N,,,,,1,2018-67,
2018065682,N,Y,Y,N,Y,Y,3,Y,Y,200,N,,,,,,,,N,,,,,2,2018-67,
2018060725,N,N,N,Y,Y,Y,1,N,Y,900,N,,,,,,,,N,,,,,1,2018-67,
2018035359,Y,Y,N,Y,U,Y,1,Y,Y,500,N,,,,,,,,N,,,,,1,2018-67,
2018065739,,,,,,,,,,,,,,,,,,,,U,N,N,U,2,2018-67,
2018123569,,,,,,,,,,,,,,,,,,,,U,U,N,U,2,2018-67,
2018054142,N,U,N,N,N,N,0,U,U,99999,N,,,,,,,,N,,,,,1,2018-67,
2018077398,,,,,,,,,,,,,,,,,,,,U,N,N,U,2,2018-67,
2018090973,,,,,,,,,,,,,,,,,,,,U,U,N,U,2,2018-67,
2018091284,,,,,,,,,,,,,,,,,,,,N,N,N,N,2,2018-67,
2018096258,N,N,N,U,U,U,9,Y,Y,740,N,,,,,,,,N,,,,,2,2018-67,
2018107875,,,,,,,,,,,,,,,,,,,,N,N,Y,Y,1,2018-67,
2019006385,,,,,,,,,,,,,,,,,,,,N,N,N,U,2,2018-67,
2018087579,,,,,,,,,,,,,,,,,,,,U,U,N,U,2,2018-67,
2018095029,N,Y,U,N,U,Y,1,Y,Y,600,N,,,,,,,,N,,,,,1,2018-67,
2018107921,N,U,N,N,N,N,0,U,U,99999,N,,,,,,,,N,,,,,2,2018-67,
2018090936,,,,,,,,,,,,,,,,,,,,U,N,N,U,2,2018-67,
2018105526,,,,,,,,,,,,,,,,,,,,N,N,N,N,1,2018-67,
2018123482,,,,,,,,,,,,,,,,,,,,U,N,N,U,2,2018-67,
2018123533,U,U,U,U,U,U,9,U,U,99999,N,,,,,,,,N,,,,,2,2018-67,
2018098447,,,,,,,,,,,,,,,,,,,,U,U,N,U,2,2018-67,
2018101492,,,,,,,,,,,,,,,,,,,,U,N,N,U,1,2018-67,
2018077447,U,U,Y,N,N,N,0,U,U,99999,N,,,,,,,,N,,,,,2,2018-67,
2018044356,N,U,Y,Y,U,N,1,Y,Y,1000,N,,,,,,,,N,,,,,1,2018-67,
2018057682,U,U,U,N,N,N,0,U,U,99999,N,,,,,,,,N,,,,,1,2018-67,
2018123546,,,,,,,,,,,,,,,,,,,,U,U,N,U,2,2018-67,
2018080344,,,,,,,,,,,,,,,,,,,,U,N,N,U,2,2018-67,
2018068332,,,,,,,,,,,,,,,,,,,,U,N,N,U,2,2018-67,
2018026897,,,,,,,,,,,,,,,,,,,,U,Y,N,U,2,2018-67,
2018067095,Y,Y,Y,Y,U,Y,1,Y,Y,1750,Y,Y,Y,U,Y,1,Y,Y,N,,,,,1,2018-67,
2018026818,,,,,,,,,,,,,,,,,,,,N,N,N,N,2,2018-67,
2018060297,N,Y,N,N,N,N,0,Y,Y,1584,N,,,,,,,,N,,,,,2,2018-67,
2018072489,U,U,Y,U,U,U,9,U,U,99999,N,,,,,,,,N,,,,,1,2018-67,
2018098915,,,,,,,,,,,,,,,,,,,,U,Y,Y,U,1,2018-67,
2018127466,,,,,,,,,,,,,,,,,,,,U,N,N,U,2,2018-67,
2018085354,U,U,N,U,U,U,9,U,U,99999,N,,,,,,,,N,,,,,2,2018-67,
2018122117,,,,,,,,,,,,,,,,,,,,U,N,N,U,2,2018-67,
2018107901,,,,,,,,,,,,,,,,,,,,U,Y,N,U,2,2018-67,
2018085225,,,,,,,,,,,,,,,,,,,,U,N,N,U,2,2018-67,
2018095354,U,U,U,N,N,N,0,U,U,99999,N,,,,,,,,N,,,,,1,2018-67,
2018053982,U,U,U,U,U,U,9,U,U,99999,N,,,,,,,,N,,,,,1,2018-67,
2018057620,U,U,U,N,U,U,9,U,U,99999,N,,,,,,,,N,,,,,1,2018-67,
2018087073,,,,,,,,,,,,,,,,,,,,U,N,N,U,2,2018-67,
2018088427,,,,,,,,,,,,,,,,,,,,U,N,N,U,2,2018-67,
2018090982,N,U,N,N,N,N,0,U,U,99999,N,,,,,,,,N,,,,,1,2018-67,
2018032137,N,U,N,N,N,N,0,U,U,99999,N,,,,,,,,N,,,,,2,2018-67,
2018054012,U,U,Y,U,U,U,9,U,U,99999,Y,U,U,U,U,9,U,U,N,,,,,2,2018-67,
2018093075,,,,,,,,,,,,,,,,,,,,N,N,N,N,2,2018-67,
2018115159,,,,,,,,,,,,,,,,,,,,U,N,N,U,2,2018-67,
2018093085,,,,,,,,,,,,,,,,,,,,U,N,N,U,2,2018-67,
2018098546,,,,,,,,,,,,,,,,,,,,U,U,N,U,2,2018-67,
2018122133,,,,,,,,,,,,,,,,,,,,U,N,N,U,2,2018-67,
2018092038,N,N,Y,Y,U,Y,1,Y,N,99999,N,,,,,,,,N,,,,,1,2018-67,
2018093126,U,U,U,U,U,U,9,U,U,99999,N,,,,,,,,N,,,,,1,2018-67,
2018053249,N,Y,Y,Y,Y,Y,1,Y,Y,99999,N,,,,,,,,N,,,,,2,2018-67,
2018129443,,,,,,,,,,,,,,,,,,,,U,U,N,U,2,2018-67,
2018085356,U,U,Y,Y,U,U,9,U,U,99999,N,,,,,,,,N,,,,,1,2018-67,
2018116277,,,,,,,,,,,,,,,,,,,,N,N,N,Y,2,2018-67,
2018077455,U,U,N,U,U,Y,3,Y,Y,99999,N,,,,,,,,N,,,,,2,2018-67,
2018055430,U,U,N,N,U,U,9,U,U,99999,N,,,,,,,,N,,,,,1,2018-67,
2018076855,,,,,,,,,,,,,,,,,,,,U,N,N,U,1,2018-67,
2018085244,,,,,,,,,,,,,,,,,,,,U,N,N,U,2,2018-67,
2018077452,,,,,,,,,,,,,,,,,,,,U,N,N,U,2,2018-67,
2018085231,,,,,,,,,,,,,,,,,,,,U,N,N,U,2,2018-67,
2018055371,,,,,,,,,,,,,,,,,,,,U,U,N,U,2,2018-67,
2019017097,,,,,,,,,,,,,,,,,,,,U,N,N,U,2,2018-67,
2018037647,,,,,,,,,,,,,,,,,,,,N,N,N,U,2,2018-67,
2018059123,,,,,,,,,,,,,,,,,,,,U,Y,N,U,2,2018-67,
2018047626,,,,,,,,,,,,,,,,,,,,U,Y,N,U,2,2018-67,
2018067815,,,,,,,,,,,,,,,,,,,,U,U,N,U,2,2018-67,
2018087138,U,U,N,N,N,N,0,U,U,99999,N,,,,,,,,N,,,,,1,2018-67,
2018067710,N,N,N,Y,Y,N,1,Y,N,610,N,,,,,,,,N,,,,,1,2018-67,
2018072442,,,,,,,,,,,,,,,,,,,,U,N,N,U,2,2018-67,
2018071760,N,Y,N,Y,Y,Y,3,Y,Y,999,N,,,,,,,,N,,,,,1,2018-67,
2018030333,,,,,,,,,,,,,,,,,,,,U,N,N,U,2,2018-67,
2018037237,U,U,Y,U,U,U,9,U,U,99999,N,,,,,,,,N,,,,,1,2018-67,
2018065763,,,,,,,,,,,,,,,,,,,,U,N,N,U,1,2018-67,
2018127396,N,U,U,U,U,U,9,U,U,99999,N,,,,,,,,N,,,,,1,2018-67,
2018106811,,,,,,,,,,,,,,,,,,,,U,N,N,U,2,2018-67,
2018076832,,,,,,,,,,,,,,,,,,,,U,Y,N,U,2,2018-67,
2018082701,U,U,N,Y,U,U,9,U,U,99999,N,,,,,,,,N,,,,,2,2018-67,
2018110831,N,U,U,Y,U,U,9,U,U,99999,N,,,,,,,,N,,,,,1,2018-67,
2018110831,N,U,U,U,U,U,9,U,U,99999,N,,,,,,,,N,,,,,2,2018-67,
2018078309,,,,,,,,,,,,,,,,,,,,U,U,N,U,2,2018-67,
2018078332,,,,,,,,,,,,,,,,,,,,U,U,N,U,1,2018-67,
2018087556,,,,,,,,,,,,,,,,,,,,U,N,N,U,2,2018-67,
2018077495,U,U,N,N,N,N,0,U,U,99999,N,,,,,,,,N,,,,,2,2018-67,
2018085331,,,,,,,,,,,,,,,,,,,,U,N,N,U,1,2018-67,
2018063937,U,U,Y,U,U,U,9,U,U,99999,N,,,,,,,,N,,,,,2,2018-67,
2018104174,,,,,,,,,,,,,,,,,,,,N,U,N,U,2,2018-67,
2018040672,U,U,Y,U,U,U,9,U,U,99999,N,,,,,,,,N,,,,,1,2018-67,
2018093312,,,,,,,,,,,,,,,,,,,,N,N,N,U,2,2018-67,
2018066202,,,,,,,,,,,,,,,,,,,,U,N,N,U,2,2018-67,
2018072410,U,U,U,U,U,U,9,U,U,99999,N,,,,,,,,N,,,,,1,2018-67,
2018058699,,,,,,,,,,,,,,,,,,,,N,N,N,N,2,2018-67,
2018067455,,,,,,,,,,,,,,,,,,,,U,N,N,U,2,2018-67,
2018063969,U,U,U,N,N,N,0,U,U,99999,Y,U,N,N,N,0,U,U,N,,,,,1,2018-67,
2018089697,,,,,,,,,,,,,,,,,,,,U,Y,N,U,2,2018-67,
2018058600,,,,,,,,,,,,,,,,,,,,N,N,N,N,2,2018-67,
2018063952,N,U,N,U,N,N,0,U,U,99999,N,,,,,,,,N,,,,,1,2018-67,
2018131762,,,,,,,,,,,,,,,,,,,,U,N,N,U,2,2018-67,
2018030074,,,,,,,,,,,,,,,,,,,,U,N,N,U,2,2018-67,
2018066212,U,U,U,N,N,N,0,U,U,99999,N,,,,,,,,N,,,,,2,2018-67,
2018030783,,,,,,,,,,,,,,,,,,,,U,Y,N,U,1,2018-67,
2018123556,,,,,,,,,,,,,,,,,,,,N,N,N,U,2,2018-67,
2018123439,,,,,,,,,,,,,,,,,,,,N,N,N,Y,2,2018-67,
2018047593,,,,,,,,,,,,,,,,,,,,U,N,N,U,2,2018-67,
2018130773,,,,,,,,,,,,,,,,,,,,U,N,N,U,2,2018-67,
2018113842,,,,,,,,,,,,,,,,,,,,N,N,N,N,2,2018-67,
2018121998,,,,,,,,,,,,,,,,,,,,N,N,N,Y,2,2018-67,
2018077464,,,,,,,,,,,,,,,,,,,,U,N,N,U,1,2018-67,
2018088459,,,,,,,,,,,,,,,,,,,,U,N,N,U,2,2018-67,
2018105536,N,U,U,N,U,U,9,U,U,99999,N,,,,,,,,N,,,,,2,2018-67,
2018105536,,,,,,,,,,,,,,,,,,,,U,N,N,U,1,2018-67,
2018071784,,,,,,,,,,,,,,,,,,,,U,Y,N,U,2,2018-67,
2019018472,N,U,N,U,U,U,9,U,U,99999,N,,,,,,,,N,,,,,1,2018-67,
2018118347,,,,,,,,,,,,,,,,,,,,U,N,N,U,1,2018-67,
2018064157,,,,,,,,,,,,,,,,,,,,N,U,Y,U,2,2018-67,
2018084791,N,U,U,N,N,N,0,U,U,99999,N,,,,,,,,N,,,,,2,2018-67,
2018067658,,,,,,,,,,,,,,,,,,,,U,N,N,U,2,2018-67,
2018115176,U,U,U,U,U,U,9,U,U,99999,N,,,,,,,,N,,,,,1,2018-67,
2018095336,,,,,,,,,,,,,,,,,,,,U,Y,N,U,2,2018-67,
2018087097,,,,,,,,,,,,,,,,,,,,U,U,N,U,2,2018-67,
2018133449,,,,,,,,,,,,,,,,,,,,U,U,N,U,2,2018-67,
2018078322,,,,,,,,,,,,,,,,,,,,U,Y,N,U,2,2018-67,
2018058151,U,U,N,Y,N,N,0,U,U,99999,N,,,,,,,,N,,,,,1,2018-67,
2018085383,,,,,,,,,,,,,,,,,,,,U,N,N,U,2,2018-67,
2018063931,,,,,,,,,,,,,,,,,,,,U,N,N,U,2,2018-67,
2018084768,U,U,N,U,U,U,9,U,U,99999,N,,,,,,,,U,,,,,1,2018-67,
2018043904,,,,,,,,,,,,,,,,,,,,U,U,N,U,2,2018-67,
2018057063,N,N,N,Y,N,N,0,Y,N,636,N,,,,,,,,N,,,,,1,2018-67,
2018081058,U,U,U,U,N,N,0,Y,U,600,N,,,,,,,,U,,,,,1,2018-67,
2018106832,U,U,U,N,N,N,0,U,U,99999,N,,,,,,,,N,,,,,2,2018-67,
2018130379,,,,,,,,,,,,,,,,,,,,U,N,N,U,2,2018-67,
2018099239,U,U,U,U,U,U,9,U,U,0,Y,U,N,U,U,9,U,U,U,,,,,1,2018-67,
2018054088,,,,,,,,,,,,,,,,,,,,U,N,N,U,1,2018-67,
2018055344,U,U,N,Y,U,U,9,U,U,99999,N,,,,,,,,N,,,,,2,2018-67,
2018069914,Y,N,Y,N,N,N,0,N,N,99999,N,,,,,,,,N,,,,,1,2018-67,
2018117324,,,,,,,,,,,,,,,,,,,,U,Y,N,U,2,2018-67,
2018077489,,,,,,,,,,,,,,,,,,,,U,N,N,U,2,2018-67,
2018115138,,,,,,,,,,,,,,,,,,,,U,U,N,U,2,2018-67,
2018072467,,,,,,,,,,,,,,,,,,,,U,N,N,U,2,2018-67,
2018109307,,,,,,,,,,,,,,,,,,,,U,U,N,U,1,2018-67,
2018074039,N,Y,Y,N,U,U,9,Y,Y,600,N,,,,,,,,N,,,,,1,2018-67,
2018115139,N,U,N,U,U,U,9,U,U,99999,N,,,,,,,,N,,,,,1,2018-67,
2018115575,,,,,,,,,,,,,,,,,,,,U,U,N,U,2,2018-67,
2018030981,,,,,,,,,,,,,,,,,,,,U,Y,N,U,2,2018-67,
2018058798,N,N,Y,Y,Y,Y,1,Y,N,600,N,,,,,,,,N,,,,,1,2018-67,
2018049038,N,N,Y,Y,Y,Y,1,Y,Y,500,N,,,,,,,,N,,,,,1,2018-67,
2018106856,,,,,,,,,,,,,,,,,,,,U,U,N,U,2,2018-67,
2018131132,,,,,,,,,,,,,,,,,,,,U,N,N,U,2,2018-67,
2018085246,,,,,,,,,,,,,,,,,,,,U,U,N,U,2,2018-67,
2018085318,,,,,,,,,,,,,,,,,,,,U,N,N,U,2,2018-67,
2019016454,,,,,,,,,,,,,,,,,,,,U,U,N,U,2,2018-67,
2019016454,,,,,,,,,,,,,,,,,,,,U,U,N,U,3,2018-67,
2018057576,U,U,Y,N,N,N,0,U,U,99999,N,,,,,,,,N,,,,,2,2018-67,
2018085439,N,U,U,Y,U,U,9,U,U,99999,N,,,,,,,,N,,,,,1,2018-67,
2018087602,,,,,,,,,,,,,,,,,,,,U,N,N,U,2,2018-67,
2018076907,N,N,N,N,N,N,0,N,N,99999,N,,,,,,,,N,,,,,2,2018-67,
2018030658,U,U,Y,U,U,U,9,U,U,99999,N,,,,,,,,N,,,,,2,2018-67,
2018030011,,,,,,,,,,,,,,,,,,,,U,N,N,U,1,2018-67,
2018085173,,,,,,,,,,,,,,,,,,,,U,N,N,U,1,2018-67,
2018058180,,,,,,,,,,,,,,,,,,,,U,Y,N,U,2,2018-67,
2018088462,N,U,U,U,U,U,9,U,U,99999,N,,,,,,,,N,,,,,1,2018-67,
2018081057,N,N,N,N,N,N,0,Y,U,100,Y,U,N,N,N,0,U,U,N,,,,,2,2018-67,
2018085449,U,U,U,N,N,N,0,U,U,99999,N,,,,,,,,N,,,,,2,2018-67,
2018032222,,,,,,,,,,,,,,,,,,,,U,U,N,U,2,2018-67,
2018078308,,,,,,,,,,,,,,,,,,,,U,N,N,U,2,2018-67,
2018078308,,,,,,,,,,,,,,,,,,,,U,N,N,U,3,2018-67,
2018097206,,,,,,,,,,,,,,,,,,,,N,Y,N,N,2,2018-67,
2018077380,N,U,N,N,N,N,0,U,U,99999,N,,,,,,,,N,,,,,1,2018-67,
2018067425,,,,,,,,,,,,,,,,,,,,U,N,N,U,2,2018-67,
2018112259,,,,,,,,,,,,,,,,,,,,U,Y,N,U,2,2018-67,
2018122052,U,U,U,N,N,N,0,U,U,99999,N,,,,,,,,N,,,,,1,2018-67,
2018063866,U,U,N,U,U,U,1,U,U,99999,N,,,,,,,,N,,,,,1,2018-67,
2018067424,U,U,U,N,N,N,0,U,U,99999,N,,,,,,,,N,,,,,1,2018-67,
2018097184,,,,,,,,,,,,,,,,,,,,U,N,N,U,2,2018-67,
2018104139,,,,,,,,,,,,,,,,,,,,U,N,N,U,2,2018-67,
2018063945,,,,,,,,,,,,,,,,,,,,U,N,N,U,2,2018-67,
2018112249,U,U,U,Y,U,U,9,U,U,99999,N,,,,,,,,N,,,,,2,2018-67,
2018067969,Y,N,N,N,N,N,0,Y,N,200,N,,,,,,,,N,,,,,1,2018-67,
2018081079,,,,,,,,,,,,,,,,,,,,U,N,N,U,2,2018-67,
2018131761,,,,,,,,,,,,,,,,,,,,U,U,N,U,2,2018-67,
2018030173,,,,,,,,,,,,,,,,,,,,U,N,N,U,2,2018-67,
2018063987,N,U,U,N,N,N,0,U,U,99999,N,,,,,,,,N,,,,,1,2018-67,
2018063987,,,,,,,,,,,,,,,,,,,,U,N,N,U,2,2018-67,
2018066226,U,U,N,N,N,N,0,U,U,99999,N,,,,,,,,N,,,,,1,2018-67,
2018097172,U,U,U,N,N,N,0,U,U,99999,N,,,,,,,,N,,,,,1,2018-67,
2018078330,,,,,,,,,,,,,,,,,,,,U,N,N,U,2,2018-67,
2018130829,,,,,,,,,,,,,,,,,,,,U,N,N,U,2,2018-67,
2018088466,N,U,Y,N,N,N,0,U,U,99999,N,,,,,,,,N,,,,,1,2018-67,
2018077488,,,,,,,,,,,,,,,,,,,,U,Y,N,U,2,2018-67,
2018102209,,,,,,,,,,,,,,,,,,,,N,U,Y,Y,2,2018-67,
2018077432,,,,,,,,,,,,,,,,,,,,U,U,N,U,2,2018-67,
2018081071,,,,,,,,,,,,,,,,,,,,U,N,N,U,2,2018-67,
2018090962,,,,,,,,,,,,,,,,,,,,N,N,N,N,2,2018-67,
2018066157,U,U,U,N,N,N,0,U,U,99999,N,,,,,,,,N,,,,,1,2018-67,
2018087633,U,U,U,N,N,N,0,U,U,99999,N,,,,,,,,N,,,,,1,2018-67,
2018057556,U,U,Y,N,N,N,0,U,U,99999,N,,,,,,,,N,,,,,2,2018-67,
2018085787,N,U,N,N,N,N,0,U,U,99999,N,,,,,,,,N,,,,,1,2018-67,
2018087076,N,U,N,U,U,U,9,U,U,99999,N,,,,,,,,N,,,,,1,2018-67,
2018043882,U,U,U,U,U,U,9,U,U,99999,N,,,,,,,,N,,,,,1,2018-67,
2018053050,N,N,Y,N,U,U,0,Y,Y,99999,N,,,,,,,,N,,,,,1,2018-67,
2018104108,,,,,,,,,,,,,,,,,,,,U,U,N,U,2,2018-67,
2018045125,U,U,U,N,U,U,9,U,U,99999,N,,,,,,,,N,,,,,1,2018-67,
2018058141,U,U,U,N,U,U,9,U,U,99999,N,,,,,,,,N,,,,,2,2018-67,
2018064005,,,,,,,,,,,,,,,,,,,,U,U,N,U,2,2018-67,
2018065740,,,,,,,,,,,,,,,,,,,,U,N,N,U,2,2018-67,
2018067414,N,U,N,N,N,N,0,U,U,99999,N,,,,,,,,N,,,,,1,2018-67,
2018095875,U,U,U,N,U,U,9,U,U,99999,N,,,,,,,,N,,,,,2,2018-67,
2018025402,,,,,,,,,,,,,,,,,,,,U,U,N,U,2,2018-67,
2018046276,,,,,,,,,,,,,,,,,,,,U,N,N,U,2,2018-67,
2018066187,,,,,,,,,,,,,,,,,,,,U,N,N,U,1,2018-67,
2018046239,U,U,Y,U,U,U,9,U,U,99999,N,,,,,,,,N,,,,,2,2018-67,
2018058633,U,U,N,N,N,N,0,U,U,99999,N,,,,,,,,N,,,,,1,2018-67,
2018048932,U,U,U,N,U,U,9,U,U,99999,N,,,,,,,,N,,,,,1,2018-67,
2018136525,N,U,N,N,U,U,9,U,U,99999,N,,,,,,,,N,,,,,2,2018-67,
2018083115,U,U,N,N,N,N,0,U,U,99999,N,,,,,,,,U,,,,,1,2018-67,
2018109268,N,U,N,Y,Y,Y,1,Y,N,1000,N,,,,,,,,N,,,,,2,2018-67,
2018109268,N,U,N,U,N,N,0,U,U,1000,N,,,,,,,,N,,,,,1,2018-67,
2018095806,,,,,,,,,,,,,,,,,,,,U,N,N,U,2,2018-67,
2018076914,N,U,N,N,N,N,0,U,U,99999,N,,,,,,,,N,,,,,1,2018-67,
2018054007,,,,,,,,,,,,,,,,,,,,U,N,N,U,2,2018-67,
2018085427,,,,,,,,,,,,,,,,,,,,U,U,N,U,2,2018-67,
2018097137,N,Y,U,Y,Y,Y,1,Y,Y,636,N,,,,,,,,N,,,,,1,2018-67,
2018098456,,,,,,,,,,,,,,,,,,,,U,N,N,U,2,2018-67,
2018076400,N,Y,Y,Y,Y,Y,1,Y,Y,1000,N,,,,,,,,N,,,,,1,2018-67,
2018085399,U,U,U,U,U,U,9,U,U,99999,N,,,,,,,,N,,,,,1,2018-67,
2018089343,N,U,N,N,Y,N,0,N,N,1500,N,,,,,,,,N,,,,,1,2018-67,
2018106843,,,,,,,,,,,,,,,,,,,,U,N,N,U,1,2018-67,
2018097170,U,Y,U,Y,U,Y,1,Y,N,99999,N,,,,,,,,N,,,,,1,2018-67,
2018116351,,,,,,,,,,,,,,,,,,,,U,U,N,U,2,2018-67,
2018057580,,,,,,,,,,,,,,,,,,,,U,U,N,U,2,2018-67,
2018087066,U,U,U,U,U,U,9,U,U,99999,N,,,,,,,,N,,,,,2,2018-67,
2018027918,Y,Y,U,Y,U,Y,1,Y,Y,700,N,,,,,,,,N,,,,,2,2018-67,
2018058189,,,,,,,,,,,,,,,,,,,,U,N,N,U,2,2018-67,
2018106807,U,U,U,N,U,U,9,U,U,99999,N,,,,,,,,N,,,,,2,2018-67,
2018087103,,,,,,,,,,,,,,,,,,,,U,U,N,U,2,2018-67,
2018087103,U,U,U,U,U,U,9,U,U,99999,U,,,,,,,,U,,,,,1,2018-67,
2018046129,N,Y,N,Y,U,Y,3,Y,Y,1400,N,,,,,,,,N,,,,,1,2018-67,
2018063869,U,U,U,N,N,N,0,U,U,99999,N,,,,,,,,N,,,,,1,2018-67,
2018090459,Y,N,Y,Y,Y,Y,2,Y,Y,1584,N,,,,,,,,N,,,,,2,2018-67,
2018059116,,,,,,,,,,,,,,,,,,,,U,N,N,U,2,2018-67,
2019017791,,,,,,,,,,,,,,,,,,,,U,N,N,U,1,2018-67,
2018071720,N,U,U,Y,U,Y,1,Y,Y,1000,N,,,,,,,,N,,,,,1,2018-67,
2018044961,N,Y,Y,N,Y,Y,1,Y,Y,1250,N,,,,,,,,N,,,,,1,2018-67,
2019017177,U,U,U,N,U,U,9,U,U,99999,N,,,,,,,,N,,,,,2,2018-67,
2018051176,,,,,,,,,,,,,,,,,,,,U,N,N,U,2,2018-67,
2018117091,,,,,,,,,,,,,,,,,,,,U,U,N,U,1,2018-67,
2018035897,,,,,,,,,,,,,,,,,,,,U,N,N,U,1,2018-67,
2018123456,,,,,,,,,,,,,,,,,,,,U,U,N,U,2,2018-67,
2018058549,U,U,N,N,N,N,0,U,U,99999,N,,,,,,,,N,,,,,1,2018-67,
2018081127,U,U,N,N,U,U,9,U,U,99999,N,,,,,,,,N,,,,,2,2018-67,
2018088044,U,U,N,N,N,N,0,U,U,99999,N,,,,,,,,N,,,,,1,2018-67,
2018093032,U,U,N,N,N,N,0,U,U,99999,N,,,,,,,,N,,,,,1,2018-67,
2018076599,,,,,,,,,,,,,,,,,,,,N,N,N,N,1,2018-67,
2018042598,,,,,,,,,,,,,,,,,,,,U,U,N,U,2,2018-67,
2018054043,,,,,,,,,,,,,,,,,,,,U,U,N,U,2,2018-67,
2018134665,,,,,,,,,,,,,,,,,,,,U,U,N,U,2,2018-67,
2018115131,,,,,,,,,,,,,,,,,,,,U,Y,N,U,2,2018-67,
2018032212,U,U,Y,U,U,U,9,U,U,99999,N,,,,,,,,N,,,,,1,2018-67,
2018058193,U,U,N,N,U,U,9,U,U,99999,N,,,,,,,,N,,,,,2,2018-67,
2018110830,,,,,,,,,,,,,,,,,,,,N,N,N,U,2,2018-67,
2018081173,U,U,N,N,N,N,0,U,U,99999,N,,,,,,,,N,,,,,1,2018-67,
2018085245,,,,,,,,,,,,,,,,,,,,U,N,N,U,2,2018-67,
2018087578,,,,,,,,,,,,,,,,,,,,U,N,N,U,2,2018-67,
2018101491,N,N,U,N,N,N,0,Y,N,99999,N,,,,,,,,N,,,,,1,2018-67,
2018032278,,,,,,,,,,,,,,,,,,,,U,Y,N,U,2,2018-67,
2018131738,N,U,U,N,N,N,0,Y,N,1340,Y,U,N,N,N,0,Y,Y,N,,,,,1,2018-67,
2018059333,Y,Y,U,Y,U,Y,3,Y,N,1499,N,,,,,,,,N,,,,,1,2018-67,
2018101097,,,,,,,,,,,,,,,,,,,,U,N,N,U,1,2018-67,
2018037316,,,,,,,,,,,,,,,,,,,,Y,Y,N,Y,2,2018-67,
2018059100,U,U,N,N,U,U,9,U,U,99999,Y,U,N,U,U,9,U,U,N,,,,,2,2018-67,
2018065686,,,,,,,,,,,,,,,,,,,,N,N,N,U,2,2018-67,
2018110833,U,U,U,N,N,N,0,U,U,99999,N,,,,,,,,N,,,,,1,2018-67,
2018090952,,,,,,,,,,,,,,,,,,,,U,N,N,U,2,2018-67,
2019017202,N,U,N,N,N,N,0,U,U,99999,N,,,,,,,,N,,,,,1,2018-67,
2018051185,,,,,,,,,,,,,,,,,,,,U,U,N,U,1,2018-67,
2018118341,U,U,U,U,U,U,9,U,U,99999,N,,,,,,,,N,,,,,1,2018-67,
2018065728,U,U,N,N,N,N,0,U,U,99999,N,,,,,,,,N,,,,,2,2018-67,
2018067809,,,,,,,,,,,,,,,,,,,,U,Y,N,U,2,2018-67,
2018072428,N,U,N,U,U,U,9,U,U,99999,N,,,,,,,,N,,,,,3,2018-67,
2018072428,N,U,N,U,U,U,9,U,U,99999,N,,,,,,,,N,,,,,2,2018-67,
2018106862,U,U,U,U,U,U,9,U,U,99999,N,,,,,,,,N,,,,,1,2018-67,
2018127467,,,,,,,,,,,,,,,,,,,,U,N,N,U,1,2018-67,
2018076870,N,U,N,N,N,N,0,U,U,99999,N,,,,,,,,N,,,,,2,2018-67,
2018054242,U,U,N,N,N,N,0,U,U,99999,N,,,,,,,,N,,,,,2,2018-67,
2018054011,,,,,,,,,,,,,,,,,,,,U,N,N,U,2,2018-67,
2018100280,N,Y,Y,Y,Y,Y,1,Y,N,1000,N,,,,,,,,N,,,,,1,2018-67,
2018077521,,,,,,,,,,,,,,,,,,,,U,N,N,U,1,2018-67,
2018053967,U,U,Y,N,N,N,0,U,U,99999,N,,,,,,,,N,,,,,1,2018-67,
2018087621,N,U,N,N,N,N,0,U,U,99999,N,,,,,,,,N,,,,,1,2018-67,
2018090965,U,U,U,U,U,U,9,U,U,99999,N,,,,,,,,N,,,,,1,2018-67,
2018101057,,,,,,,,,,,,,,,,,,,,N,N,N,Y,2,2018-67,
2018104109,,,,,,,,,,,,,,,,,,,,U,N,N,U,1,2018-67,
2018105997,,,,,,,,,,,,,,,,,,,,U,N,N,U,2,2018-67,
2018054035,,,,,,,,,,,,,,,,,,,,U,U,N,U,1,2018-67,
2018054453,N,Y,Y,Y,Y,Y,1,Y,Y,1200,N,,,,,,,,N,,,,,1,2018-67,
2018055340,,,,,,,,,,,,,,,,,,,,U,U,N,U,2,2018-67,
2018098848,,,,,,,,,,,,,,,,,,,,U,N,N,U,2,2018-67,
2018100659,N,U,U,N,N,N,0,U,U,99999,N,,,,,,,,N,,,,,1,2018-67,
2018081104,,,,,,,,,,,,,,,,,,,,U,N,N,U,2,2018-67,
2018088813,,,,,,,,,,,,,,,,,,,,U,N,N,U,2,2018-67,
2018098548,Y,Y,U,Y,U,Y,1,Y,Y,1200,N,,,,,,,,N,,,,,2,2018-67,
2018130378,,,,,,,,,,,,,,,,,,,,U,N,N,U,2,2018-67,
2018095309,N,U,U,N,U,U,9,U,U,99999,N,,,,,,,,N,,,,,1,2018-67,
2018115195,U,U,U,N,N,N,0,U,U,99999,N,,,,,,,,N,,,,,1,2018-67,
2018122074,,,,,,,,,,,,,,,,,,,,U,N,N,U,2,2018-67,
2018067818,,,,,,,,,,,,,,,,,,,,U,U,N,U,2,2018-67,
2018067952,N,N,N,Y,N,Y,1,Y,Y,900,Y,N,Y,N,Y,1,Y,N,N,,,,,1,2018-67,
2018115208,,,,,,,,,,,,,,,,,,,,U,N,N,U,2,2018-67,
2018105537,,,,,,,,,,,,,,,,,,,,U,N,N,U,1,2018-67,
2018063992,,,,,,,,,,,,,,,,,,,,U,U,N,U,1,2018-67,
2018072384,,,,,,,,,,,,,,,,,,,,U,U,N,U,2,2018-67,
2018085420,N,U,U,U,U,U,9,U,U,99999,N,,,,,,,,N,,,,,2,2018-67,
2018028843,,,,,,,,,,,,,,,,,,,,U,N,N,U,2,2018-67,
2018067473,,,,,,,,,,,,,,,,,,,,U,N,N,U,2,2018-67,
2019017149,,,,,,,,,,,,,,,,,,,,U,N,N,U,2,2018-67,
2018122007,,,,,,,,,,,,,,,,,,,,U,U,N,U,1,2018-67,
2018122031,,,,,,,,,,,,,,,,,,,,U,U,N,U,2,2018-67,
2018085840,,,,,,,,,,,,,,,,,,,,U,N,N,U,2,2018-67,
2018085273,,,,,,,,,,,,,,,,,,,,U,U,N,U,2,2018-67,
2018085324,,,,,,,,,,,,,,,,,,,,U,U,N,U,2,2018-67,
2018085848,,,,,,,,,,,,,,,,,,,,U,N,N,U,2,2018-67,
2018098430,,,,,,,,,,,,,,,,,,,,U,N,N,U,2,2018-67,
2019028207,,,,,,,,,,,,,,,,,,,,N,N,N,Y,1,2018-67,
2019019008,N,U,N,N,N,N,0,U,U,99999,N,,,,,,,,N,,,,,1,2018-67,
2018107910,,,,,,,,,,,,,,,,,,,,U,U,N,U,2,2018-67,
2018104098,,,,,,,,,,,,,,,,,,,,U,N,N,U,2,2018-67,
2018043434,,,,,,,,,,,,,,,,,,,,U,N,N,U,2,2018-67,
2018054066,,,,,,,,,,,,,,,,,,,,U,N,N,U,2,2018-67,
2018044203,N,N,Y,Y,Y,Y,1,Y,Y,300,N,,,,,,,,N,,,,,1,2018-67,
2018057635,,,,,,,,,,,,,,,,,,,,U,N,N,U,1,2018-67,
2018031029,,,,,,,,,,,,,,,,,,,,U,N,N,U,1,2018-67,
2018057594,U,U,U,N,N,N,0,U,U,99999,N,,,,,,,,N,,,,,1,2018-67,
2018107966,N,U,N,Y,U,U,9,U,U,99999,N,,,,,,,,U,,,,,1,2018-67,
2018081142,N,U,N,U,U,U,9,U,U,99999,N,,,,,,,,U,,,,,1,2018-67,
2018076924,,,,,,,,,,,,,,,,,,,,U,N,N,U,2,2018-67,
2018100636,U,U,U,Y,U,U,9,U,U,99999,N,,,,,,,,N,,,,,2,2018-67,
2018123534,,,,,,,,,,,,,,,,,,,,U,U,N,U,2,2018-67,
2018139133,,,,,,,,,,,,,,,,,,,,U,U,N,U,1,2018-67,
2018054010,U,U,N,N,N,N,0,U,U,99999,N,,,,,,,,N,,,,,1,2018-67,
2018047957,,,,,,,,,,,,,,,,,,,,U,N,N,U,2,2018-67,
2018067573,Y,N,Y,N,Y,Y,3,N,N,50,N,,,,,,,,N,,,,,2,2018-67,
2018094020,,,,,,,,,,,,,,,,,,,,N,Y,N,Y,1,2018-67,
2018098863,U,U,U,N,N,N,0,U,U,99999,N,,,,,,,,N,,,,,1,2018-67,
2018080360,,,,,,,,,,,,,,,,,,,,U,N,Y,U,2,2018-67,
2018085424,U,U,U,U,U,U,9,U,U,99999,N,,,,,,,,N,,,,,2,2018-67,
2018088053,N,U,Y,Y,U,U,9,U,U,99999,N,,,,,,,,N,,,,,1,2018-67,
2018065779,,,,,,,,,,,,,,,,,,,,U,U,N,U,2,2018-67,
2018095932,U,U,N,N,N,N,0,U,U,99999,N,,,,,,,,N,,,,,2,2018-67,
2018097177,U,U,U,U,N,N,0,U,U,99999,N,,,,,,,,N,,,,,1,2018-67,
2018065789,N,U,N,N,N,N,0,U,U,99999,N,,,,,,,,N,,,,,2,2018-67,
2018063934,,,,,,,,,,,,,,,,,,,,U,U,N,U,2,2018-67,
2018090001,N,Y,N,Y,Y,Y,1,Y,Y,600,N,,,,,,,,N,,,,,1,2018-67,
2018082697,Y,Y,U,U,N,N,0,Y,Y,99999,Y,Y,U,N,N,0,Y,Y,N,,,,,1,2018-67,
2018066832,,,,,,,,,,,,,,,,,,,,U,N,N,U,1,2018-67,
2018077524,,,,,,,,,,,,,,,,,,,,U,N,N,U,1,2018-67,
2018079877,N,Y,Y,Y,Y,Y,1,Y,Y,650,N,,,,,,,,N,,,,,1,2018-67,
2018085440,,,,,,,,,,,,,,,,,,,,U,U,N,U,2,2018-67,
2018088505,,,,,,,,,,,,,,,,,,,,U,Y,N,U,2,2018-67,
2018130838,,,,,,,,,,,,,,,,,,,,U,N,N,U,2,2018-67,
2018105522,,,,,,,,,,,,,,,,,,,,U,N,N,U,2,2018-67,
2018098856,,,,,,,,,,,,,,,,,,,,U,N,N,U,2,2018-67,
2018101101,,,,,,,,,,,,,,,,,,,,U,Y,N,U,2,2018-67,
2018115160,,,,,,,,,,,,,,,,,,,,U,N,N,U,2,2018-67,
2018101098,,,,,,,,,,,,,,,,,,,,U,N,N,U,1,2018-67,
2018101061,,,,,,,,,,,,,,,,,,,,U,N,N,U,2,2018-67,
2018051954,,,,,,,,,,,,,,,,,,,,U,U,N,U,2,2018-67,
2018063961,U,U,Y,U,U,U,9,U,U,99999,N,,,,,,,,N,,,,,1,2018-67,
2018087590,,,,,,,,,,,,,,,,,,,,U,Y,N,U,2,2018-67,
2018030334,,,,,,,,,,,,,,,,,,,,U,Y,N,U,2,2018-67,
2018088447,,,,,,,,,,,,,,,,,,,,U,N,N,U,1,2018-67,
2018018321,N,Y,U,Y,Y,Y,1,Y,Y,600,N,,,,,,,,N,,,,,1,2018-67,
2018130312,,,,,,,,,,,,,,,,,,,,U,N,N,U,2,2018-67,
2018057555,U,U,N,U,U,U,9,U,U,99999,N,,,,,,,,N,,,,,2,2018-67,
2018088488,,,,,,,,,,,,,,,,,,,,U,U,N,U,2,2018-67,
2018058135,,,,,,,,,,,,,,,,,,,,U,N,N,U,2,2018-67,
2018082329,N,U,N,N,N,N,0,U,U,99999,N,,,,,,,,N,,,,,1,2018-67,
2018109596,Y,N,U,U,N,N,0,N,N,1450,N,,,,,,,,N,,,,,1,2018-67,
2018098267,N,N,U,N,N,N,0,N,N,450,N,,,,,,,,N,,,,,1,2018-67,
2018091650,,,,,,,,,,,,,,,,,,,,N,N,N,U,2,2018-67,
2018066478,N,Y,N,Y,Y,Y,1,Y,Y,1000,N,,,,,,,,N,,,,,1,2018-67,
2018077491,,,,,,,,,,,,,,,,,,,,U,N,N,U,2,2018-67,
2018122107,U,U,N,N,N,N,0,U,U,99999,N,,,,,,,,N,,,,,1,2018-67,
2018093099,U,U,U,N,N,N,0,U,U,99999,N,,,,,,,,N,,,,,1,2018-67,
2018130852,,,,,,,,,,,,,,,,,,,,U,N,N,U,1,2018-67,
2018076193,N,N,N,Y,Y,U,1,Y,N,599,N,,,,,,,,N,,,,,1,2018-67,
2018067464,,,,,,,,,,,,,,,,,,,,U,N,N,U,2,2018-67,
2018072425,U,U,N,U,U,U,9,U,U,99999,N,,,,,,,,N,,,,,4,2018-67,
2018099590,,,,,,,,,,,,,,,,,,,,U,Y,N,U,2,2018-67,
2018127355,Y,Y,Y,N,N,N,0,Y,Y,1584,N,,,,,,,,N,,,,,1,2018-67,
2018053977,,,,,,,,,,,,,,,,,,,,U,Y,N,U,1,2018-67,
2018085362,,,,,,,,,,,,,,,,,,,,U,N,N,U,2,2018-67,
2018071793,,,,,,,,,,,,,,,,,,,,U,U,N,U,2,2018-67,
2018063905,,,,,,,,,,,,,,,,,,,,U,N,N,U,2,2018-67,
2018046270,,,,,,,,,,,,,,,,,,,,U,U,N,U,2,2018-67,
2018047591,U,U,N,N,N,N,0,U,U,99999,N,,,,,,,,N,,,,,2,2018-67,
2018115110,,,,,,,,,,,,,,,,,,,,N,N,N,N,2,2018-67,
2018076810,U,U,N,U,U,U,9,U,U,99999,N,,,,,,,,N,,,,,1,2018-67,
2018077451,U,U,U,N,N,N,0,U,U,99999,N,,,,,,,,N,,,,,2,2018-67,
2018040109,,,,,,,,,,,,,,,,,,,,U,U,N,U,1,2018-67,
2018087638,,,,,,,,,,,,,,,,,,,,U,N,N,U,2,2018-67,
2018098520,,,,,,,,,,,,,,,,,,,,U,Y,N,U,1,2018-67,
2018080286,Y,Y,Y,N,N,N,3,N,N,1573,N,,,,,,,,N,,,,,1,2018-67,
2018095909,U,U,U,N,U,U,9,U,U,99999,N,,,,,,,,N,,,,,2,2018-67,
2018055369,U,U,N,N,N,N,0,U,U,99999,N,,,,,,,,N,,,,,1,2018-67,
2018029882,,,,,,,,,,,,,,,,,,,,U,Y,N,U,2,2018-67,
2018030910,U,U,U,N,U,U,9,U,U,99999,N,,,,,,,,N,,,,,1,2018-67,
2018043450,,,,,,,,,,,,,,,,,,,,U,Y,N,U,2,2018-67,
2018093087,U,U,N,U,U,U,9,U,U,99999,N,,,,,,,,N,,,,,2,2018-67,
2018093030,,,,,,,,,,,,,,,,,,,,U,N,N,U,2,2018-67,
2018057557,U,U,Y,N,U,U,9,U,U,99999,N,,,,,,,,N,,,,,1,2018-67,
2018057557,U,U,Y,N,U,U,9,U,U,99999,N,,,,,,,,N,,,,,2,2018-67,
2018057662,,,,,,,,,,,,,,,,,,,,U,U,N,U,2,2018-67,
2018085453,U,U,U,U,U,U,9,U,U,99999,N,,,,,,,,N,,,,,1,2018-67,
2018093130,N,U,N,N,N,N,0,U,U,99999,Y,U,N,N,N,0,U,U,N,,,,,1,2018-67,
2018107927,,,,,,,,,,,,,,,,,,,,U,Y,N,U,2,2018-67,
2018085458,,,,,,,,,,,,,,,,,,,,U,N,N,U,2,2018-67,
2018050852,,,,,,,,,,,,,,,,,,,,N,Y,N,N,2,2018-67,
2019000710,,,,,,,,,,,,,,,,,,,,U,U,N,U,2,2018-67,
2018126097,,,,,,,,,,,,,,,,,,,,U,U,N,U,1,2018-67,
2018059079,U,U,U,N,N,N,0,U,U,99999,N,,,,,,,,N,,,,,1,2018-67,
2018072427,,,,,,,,,,,,,,,,,,,,U,N,N,U,2,2018-67,
2018045088,N,U,N,N,N,N,0,U,U,99999,N,,,,,,,,N,,,,,1,2018-67,
2018115194,,,,,,,,,,,,,,,,,,,,U,N,N,U,2,2018-67,
2018072485,,,,,,,,,,,,,,,,,,,,U,N,N,U,1,2018-67,
2018115171,U,U,U,N,U,U,9,U,U,99999,N,,,,,,,,N,,,,,1,2018-67,
2018095790,,,,,,,,,,,,,,,,,,,,N,N,N,U,1,2018-67,
2018105113,,,,,,,,,,,,,,,,,,,,N,Y,N,Y,2,2018-67,
2018053973,,,,,,,,,,,,,,,,,,,,U,N,N,U,2,2018-67,
2018085822,,,,,,,,,,,,,,,,,,,,U,N,N,U,2,2018-67,
2018030866,,,,,,,,,,,,,,,,,,,,U,Y,N,U,2,2018-67,
2018122101,,,,,,,,,,,,,,,,,,,,U,Y,N,U,2,2018-67,
2018093089,,,,,,,,,,,,,,,,,,,,U,U,N,U,2,2018-67,
2018107450,,,,,,,,,,,,,,,,,,,,N,U,N,N,1,2018-67,
2018072517,U,U,Y,U,U,U,9,U,U,99999,N,,,,,,,,N,,,,,1,2018-67,
2018095789,N,N,N,N,N,N,0,Y,N,99999,Y,N,N,N,N,0,Y,N,N,,,,,1,2018-67,
2018095934,,,,,,,,,,,,,,,,,,,,N,N,N,N,2,2018-67,
2018085402,,,,,,,,,,,,,,,,,,,,U,N,N,U,1,2018-67,
2018047580,,,,,,,,,,,,,,,,,,,,U,N,N,U,2,2018-67,
2018081092,,,,,,,,,,,,,,,,,,,,U,N,N,U,2,2018-67,
2018081175,,,,,,,,,,,,,,,,,,,,U,N,N,U,2,2018-67,
2018076841,U,U,N,N,N,N,0,U,U,99999,N,,,,,,,,N,,,,,1,2018-67,
2018077457,N,U,U,N,U,U,9,U,U,99999,N,,,,,,,,N,,,,,2,2018-67,
2018057559,U,U,N,N,U,U,9,U,U,99999,N,,,,,,,,N,,,,,2,2018-67,
2018063989,,,,,,,,,,,,,,,,,,,,U,N,N,U,2,2018-67,
2018072393,,,,,,,,,,,,,,,,,,,,U,N,N,U,2,2018-67,
2018057572,,,,,,,,,,,,,,,,,,,,U,N,N,U,1,2018-67,
2018097180,U,U,U,N,N,N,0,U,U,99999,N,,,,,,,,N,,,,,2,2018-67,
2018107943,U,U,N,N,U,U,9,U,U,99999,N,,,,,,,,N,,,,,2,2018-67,
2018008971,,,,,,,,,,,,,,,,,,,,U,N,N,U,2,2018-67,
2018095817,,,,,,,,,,,,,,,,,,,,U,N,N,U,2,2018-67,
2018085832,U,U,Y,N,N,N,0,U,U,99999,N,,,,,,,,N,,,,,1,2018-67,
2018106004,,,,,,,,,,,,,,,,,,,,U,U,N,U,2,2018-67,
2018037243,,,,,,,,,,,,,,,,,,,,U,N,N,U,2,2018-67,
2018109594,Y,N,N,U,N,N,0,Y,Y,1584,N,,,,,,,,N,,,,,1,2018-67,
2018058182,U,U,N,Y,N,N,0,U,U,99999,N,,,,,,,,N,,,,,1,2018-67,
2018079933,,,,,,,,,,,,,,,,,,,,U,N,N,U,1,2018-67,
2018122200,,,,,,,,,,,,,,,,,,,,Y,Y,N,Y,1,2018-67,
2018094172,,,,,,,,,,,,,,,,,,,,U,N,N,U,2,2018-67,
2018031033,,,,,,,,,,,,,,,,,,,,U,N,N,U,1,2018-67,
2018123485,,,,,,,,,,,,,,,,,,,,U,N,N,U,2,2018-67,
2018043919,,,,,,,,,,,,,,,,,,,,U,N,N,U,2,2018-67,
2018085337,U,U,N,U,U,U,9,U,U,99999,N,,,,,,,,N,,,,,1,2018-67,
2018092912,,,,,,,,,,,,,,,,,,,,N,Y,N,N,1,2018-67,
2018102205,N,N,N,N,N,N,0,Y,N,599,N,,,,,,,,N,,,,,2,2018-67,
2018132835,,,,,,,,,,,,,,,,,,,,N,Y,N,Y,2,2018-67,
2018081070,U,U,U,U,U,U,9,U,U,99999,N,,,,,,,,N,,,,,2,2018-67,
2018088785,,,,,,,,,,,,,,,,,,,,U,Y,N,U,2,2018-67,
2018055433,,,,,,,,,,,,,,,,,,,,U,N,N,U,1,2018-67,
2018032320,U,U,N,N,U,U,9,U,U,99999,N,,,,,,,,N,,,,,1,2018-67,
2018095941,,,,,,,,,,,,,,,,,,,,U,N,Y,U,2,2018-67,
2018096166,,,,,,,,,,,,,,,,,,,,N,N,N,Y,1,2018-67,
2018065722,U,U,N,N,N,N,0,U,U,99999,N,,,,,,,,N,,,,,1,2018-67,
2018095322,,,,,,,,,,,,,,,,,,,,U,N,N,U,2,2018-67,
2018076822,,,,,,,,,,,,,,,,,,,,U,U,N,U,2,2018-67,
2018057626,U,U,N,N,N,N,0,U,U,99999,N,,,,,,,,N,,,,,1,2018-67,
2018078327,,,,,,,,,,,,,,,,,,,,U,N,N,U,2,2018-67,
2018109311,N,U,N,N,N,N,0,U,U,99999,N,,,,,,,,N,,,,,2,2018-67,
2018098816,,,,,,,,,,,,,,,,,,,,U,Y,N,U,2,2018-67,
2018130776,,,,,,,,,,,,,,,,,,,,U,N,N,U,2,2018-67,
2018030757,,,,,,,,,,,,,,,,,,,,U,N,N,U,2,2018-67,
2018090944,,,,,,,,,,,,,,,,,,,,U,N,N,U,2,2018-67,
2018093691,N,U,N,Y,Y,U,1,Y,N,1299,N,,,,,,,,N,,,,,2,2018-67,
2018125656,,,,,,,,,,,,,,,,,,,,U,N,N,U,2,2018-67,
2018035968,U,U,N,U,U,N,3,U,U,99999,N,,,,,,,,N,,,,,2,2018-67,
2018112255,,,,,,,,,,,,,,,,,,,,U,U,N,U,1,2018-67,
2018077479,,,,,,,,,,,,,,,,,,,,U,N,N,U,2,2018-67,
2018027209,U,U,U,N,U,U,1,U,U,99999,N,,,,,,,,U,,,,,1,2018-67,
2018054204,,,,,,,,,,,,,,,,,,,,U,N,N,U,2,2018-67,
2018138047,,,,,,,,,,,,,,,,,,,,N,N,N,N,2,2018-67,
2019000718,,,,,,,,,,,,,,,,,,,,U,Y,N,Y,1,2018-67,
2018088999,,,,,,,,,,,,,,,,,,,,U,N,Y,U,3,2018-67,
2018093026,U,U,N,N,U,U,9,U,U,99999,N,,,,,,,,N,,,,,1,2018-67,
2018098819,N,U,N,N,N,N,0,U,U,99999,N,,,,,,,,N,,,,,1,2018-67,
2018083082,,,,,,,,,,,,,,,,,,,,U,N,N,U,2,2018-67,
2018088059,U,U,Y,Y,U,U,9,U,U,99999,N,,,,,,,,N,,,,,1,2018-67,
2019079756,N,U,N,U,U,U,9,U,U,99999,Y,U,U,U,U,9,U,U,N,,,,,1,2018-67,
2018054030,,,,,,,,,,,,,,,,,,,,U,N,N,U,2,2018-67,
2018055414,,,,,,,,,,,,,,,,,,,,U,N,N,U,1,2018-67,
2018088811,,,,,,,,,,,,,,,,,,,,U,N,N,U,2,2018-67,
2018085219,U,U,N,N,N,N,0,U,U,99999,N,,,,,,,,N,,,,,1,2018-67,
2018085837,,,,,,,,,,,,,,,,,,,,U,U,N,U,2,2018-67,
2019082180,,,,,,,,,,,,,,,,,,,,U,U,N,U,2,2018-67,
2018130125,,,,,,,,,,,,,,,,,,,,N,N,N,N,2,2018-67,
2018122931,,,,,,,,,,,,,,,,,,,,N,Y,N,Y,1,2018-67,
2018076818,N,N,U,N,N,N,0,Y,Y,50,N,,,,,,,,N,,,,,1,2018-67,
2018032181,U,U,N,N,N,N,0,U,U,99999,N,,,,,,,,N,,,,,1,2018-67,
2018054131,,,,,,,,,,,,,,,,,,,,U,N,N,U,2,2018-67,
2018065656,,,,,,,,,,,,,,,,,,,,U,U,N,U,1,2018-67,
2018122017,,,,,,,,,,,,,,,,,,,,U,N,N,U,2,2018-67,
2018104141,U,U,U,N,U,U,9,U,U,99999,N,,,,,,,,N,,,,,2,2018-67,
2018084839,,,,,,,,,,,,,,,,,,,,Y,N,N,Y,2,2018-67,
2018093136,,,,,,,,,,,,,,,,,,,,N,N,N,N,2,2018-67,
2018104110,,,,,,,,,,,,,,,,,,,,U,N,N,U,2,2018-67,
2018042591,,,,,,,,,,,,,,,,,,,,U,U,N,U,2,2018-67,
2018079976,N,N,N,N,Y,Y,1,Y,Y,600,N,,,,,,,,N,,,,,1,2018-67,
2018088468,,,,,,,,,,,,,,,,,,,,U,N,N,U,1,2018-67,
2019017095,,,,,,,,,,,,,,,,,,,,U,N,N,U,2,2018-67,
2018101609,U,U,N,U,U,U,9,U,U,99999,N,,,,,,,,U,,,,,1,2018-67,
2018085322,,,,,,,,,,,,,,,,,,,,U,N,N,U,2,2018-67,
2018021792,,,,,,,,,,,,,,,,,,,,U,N,N,U,1,2018-67,
2018063872,U,U,U,U,U,U,9,U,U,99999,U,,,,,,,,U,,,,,1,2018-67,
2019017160,,,,,,,,,,,,,,,,,,,,U,U,N,U,2,2018-67,
2018048609,U,U,Y,N,N,N,0,U,U,1001,N,,,,,,,,N,,,,,1,2018-67,
2018097189,U,U,U,N,N,N,0,U,U,99999,N,,,,,,,,N,,,,,1,2018-67,
2018054263,,,,,,,,,,,,,,,,,,,,U,N,N,U,2,2018-67,
2018085348,,,,,,,,,,,,,,,,,,,,U,N,N,U,2,2018-67,
2018030774,,,,,,,,,,,,,,,,,,,,U,N,N,U,2,2018-67,
2018085255,N,U,U,U,U,U,9,U,U,99999,N,,,,,,,,N,,,,,1,2018-67,
2018090548,N,Y,Y,Y,Y,Y,1,Y,N,600,N,,,,,,,,N,,,,,2,2018-67,
2018030183,,,,,,,,,,,,,,,,,,,,U,N,N,U,2,2018-67,
2018062745,,,,,,,,,,,,,,,,,,,,U,Y,N,U,2,2018-67,
2018130350,,,,,,,,,,,,,,,,,,,,U,U,N,U,2,2018-67,
2018067452,U,U,U,U,U,U,9,U,U,99999,N,,,,,,,,N,,,,,2,2018-67,
2018121990,,,,,,,,,,,,,,,,,,,,U,U,N,U,2,2018-67,
2019054116,U,U,U,Y,U,U,9,U,U,99999,N,,,,,,,,N,,,,,1,2018-67,
2018032195,U,U,U,U,U,U,9,U,U,99999,N,,,,,,,,N,,,,,1,2018-67,
2018110836,U,U,U,N,U,U,9,U,U,99999,N,,,,,,,,N,,,,,1,2018-67,
2018043879,,,,,,,,,,,,,,,,,,,,U,Y,N,U,2,2018-67,
2018130376,N,U,N,N,N,N,0,U,U,99999,N,,,,,,,,N,,,,,2,2018-67,
2018076903,,,,,,,,,,,,,,,,,,,,U,N,N,U,2,2018-67,
2018115136,,,,,,,,,,,,,,,,,,,,U,N,N,U,2,2018-67,
2018093029,,,,,,,,,,,,,,,,,,,,U,U,N,U,2,2018-67,
2018098500,U,U,U,Y,U,U,9,U,U,99999,N,,,,,,,,N,,,,,1,2018-67,
2018099985,,,,,,,,,,,,,,,,,,,,N,N,N,N,2,2018-67,
2018081083,,,,,,,,,,,,,,,,,,,,U,N,N,U,1,2018-67,
2018095846,,,,,,,,,,,,,,,,,,,,U,N,N,U,2,2018-67,
2018104134,,,,,,,,,,,,,,,,,,,,U,N,N,U,2,2018-67,
2018042556,N,U,U,Y,N,N,0,U,U,99999,N,,,,,,,,N,,,,,2,2018-67,
2018043455,U,U,N,N,N,N,0,U,U,99999,N,,,,,,,,N,,,,,1,2018-67,
2018085842,,,,,,,,,,,,,,,,,,,,U,N,N,U,2,2018-67,
2018091000,,,,,,,,,,,,,,,,,,,,U,N,N,U,1,2018-67,
2018123486,,,,,,,,,,,,,,,,,,,,U,N,N,U,2,2018-67,
2018057673,,,,,,,,,,,,,,,,,,,,U,N,N,U,2,2018-67,
2018090787,,,,,,,,,,,,,,,,,,,,U,U,N,U,2,2018-67,
2018123519,N,Y,U,Y,U,U,9,Y,Y,6000,Y,U,Y,U,U,9,Y,Y,N,,,,,1,2018-67,
2018085271,N,U,N,N,N,N,0,U,U,99999,N,,,,,,,,N,,,,,1,2018-67,
2018085428,N,U,N,N,N,N,0,U,U,99999,N,,,,,,,,N,,,,,1,2018-67,
2018090950,N,U,N,N,N,N,0,U,U,99999,N,,,,,,,,N,,,,,1,2018-67,
2019077167,,,,,,,,,,,,,,,,,,,,N,N,N,N,2,,67
2019088767,N,N,U,N,N,N,0,N,N,900,N,,,,,,,,N,,,,,1,,67
2019096999,N,N,N,N,N,N,0,Y,Y,150,N,,,,,,,,N,,,,,1,,67
2019094407,,,,,,,,,,,,,,,,,,,,N,N,Y,N,1,,67
2019122372,,,,,,,,,,,,,,,,,,,,N,N,N,U,1,,67
2019069121,U,U,U,U,N,N,0,U,U,99999,N,,,,,,,,N,,,,,1,,67
2019120402,U,U,U,U,U,U,9,U,U,0,Y,U,U,U,U,9,U,U,N,,,,,2,,67
2019067621,,,,,,,,,,,,,,,,,,,,N,N,N,N,1,,67
2019103333,N,N,U,N,U,Y,3,Y,N,1499,N,,,,,,,,N,,,,,1,,67
2019121590,,,,,,,,,,,,,,,,,,,,U,N,N,U,2,,67
2019058464,Y,Y,Y,Y,Y,U,3,Y,Y,250,N,,,,,,,,N,,,,,1,,67
2019068038,,,,,,,,,,,,,,,,,,,,U,U,N,U,2,,67
2019107414,N,N,U,N,N,N,0,Y,Y,100,N,,,,,,,,N,,,,,1,,67
2019127754,N,U,Y,Y,U,Y,1,Y,Y,1000,N,,,,,,,,N,,,,,2,,67
2020006734,,,,,,,,,,,,,,,,,,,,N,N,N,N,2,,67
2019029423,N,U,N,N,N,N,0,U,U,99999,N,,,,,,,,N,,,,,1,,67
2019068043,N,N,U,U,N,N,0,N,N,120,Y,N,U,N,N,0,Y,U,N,,,,,1,,67
2019077632,,,,,,,,,,,,,,,,,,,,N,U,N,Y,2,,67
2019085531,N,N,N,N,N,N,0,N,N,450,N,,,,,,,,N,,,,,1,,67
2019040978,N,Y,Y,Y,N,Y,1,Y,Y,99999,N,,,,,,,,N,,,,,1,,67
2019054941,,,,,,,,,,,,,,,,,,,,U,N,N,U,2,,67
2019092261,,,,,,,,,,,,,,,,,,,,U,N,N,U,2,,67
2019105974,N,N,N,N,N,N,0,Y,Y,50,N,,,,,,,,N,,,,,1,,67
2019119106,N,U,U,Y,U,U,9,U,U,99999,N,,,,,,,,N,,,,,2,,67
2019057574,,,,,,,,,,,,,,,,,,,,U,U,N,U,2,,67
2019062423,,,,,,,,,,,,,,,,,,,,U,N,N,U,2,,67
2019078885,,,,,,,,,,,,,,,,,,,,U,N,N,U,2,,67
2019045948,Y,N,N,N,N,N,0,N,N,600,N,,,,,,,,N,,,,,1,,67
2019057965,,,,,,,,,,,,,,,,,,,,U,N,N,U,2,,67
2019070897,N,N,N,N,N,N,0,N,N,3,N,,,,,,,,N,,,,,1,,67
2019011668,N,Y,U,Y,U,Y,1,Y,Y,25,N,,,,,,,,N,,,,,2,,67
2019051844,,,,,,,,,,,,,,,,,,,,U,N,N,U,2,,67
2019074893,,,,,,,,,,,,,,,,,,,,U,N,N,U,2,,67
2019121573,N,N,N,N,N,N,0,N,N,600,N,,,,,,,,N,,,,,1,,67
2019037905,N,U,U,U,U,U,9,Y,Y,1200,N,,,,,,,,N,,,,,1,,67
2019038794,N,U,U,N,U,U,9,U,U,99999,N,,,,,,,,N,,,,,1,,67
2019042445,,,,,,,,,,,,,,,,,,,,N,Y,N,Y,1,,67
2019057566,,,,,,,,,,,,,,,,,,,,U,Y,N,U,2,,67
2019080556,Y,U,N,U,N,U,9,Y,N,805,N,,,,,,,,N,,,,,1,,67
2019030140,N,Y,N,Y,Y,N,1,Y,Y,250,N,,,,,,,,N,,,,,2,,67
2019054354,U,U,U,N,U,U,9,U,U,99999,U,,,,,,,,N,,,,,1,,67
2019071064,,,,,,,,,,,,,,,,,,,,U,U,N,U,2,,67
2019083325,,,,,,,,,,,,,,,,,,,,N,N,N,N,2,,67
2019092521,N,Y,U,Y,N,Y,1,Y,Y,600,N,,,,,,,,N,,,,,1,,67
2019098481,,,,,,,,,,,,,,,,,,,,U,N,N,U,2,,67
2019067622,,,,,,,,,,,,,,,,,,,,U,U,N,U,2,,67
2019090182,N,N,N,U,N,N,0,N,N,150,N,,,,,,,,N,,,,,2,,67
2019107412,,,,,,,,,,,,,,,,,,,,N,Y,N,Y,2,,67
2019121597,N,U,U,N,N,N,0,U,U,99999,N,,,,,,,,N,,,,,1,,67
2019134276,N,U,U,N,U,Y,1,Y,Y,2,N,,,,,,,,N,,,,,2,,67
2019075437,,,,,,,,,,,,,,,,,,,,U,U,N,U,2,,67
2019068649,,,,,,,,,,,,,,,,,,,,U,N,N,U,2,,67
2019071059,,,,,,,,,,,,,,,,,,,,U,N,N,U,2,,67
2019080835,N,N,N,U,U,U,9,N,N,250,N,,,,,,,,N,,,,,1,,67
2019086283,,,,,,,,,,,,,,,,,,,,U,N,N,U,1,,67
2019087420,,,,,,,,,,,,,,,,,,,,U,N,N,U,2,,67
2019029647,Y,N,Y,Y,Y,Y,1,Y,Y,1200,Y,Y,Y,Y,Y,1,Y,Y,N,,,,,2,,67
2019067033,U,U,U,U,U,U,9,U,U,99999,N,,,,,,,,U,,,,,2,,67
2019009117,,,,,,,,,,,,,,,,,,,,Y,Y,N,Y,2,,67
2019057573,U,U,N,N,U,U,9,U,U,99999,N,,,,,,,,N,,,,,1,,67
2019073356,U,U,U,Y,U,U,9,U,U,99999,N,,,,,,,,U,,,,,1,,67
2019082344,N,U,N,N,N,N,0,U,U,99999,N,,,,,,,,N,,,,,1,,67
2019086972,,,,,,,,,,,,,,,,,,,,U,N,N,U,2,,67
2019067433,N,Y,U,N,N,N,0,Y,Y,0,N,,,,,,,,N,,,,,1,,67
2019091652,,,,,,,,,,,,,,,,,,,,U,N,N,U,2,,67
2019101815,,,,,,,,,,,,,,,,,,,,U,N,N,U,2,,67
2019017929,,,,,,,,,,,,,,,,,,,,U,U,N,U,2,,67
2019089745,N,N,U,U,N,N,0,Y,N,1,N,,,,,,,,N,,,,,2,,67
2019107310,,,,,,,,,,,,,,,,,,,,U,U,N,U,2,,67
2019066022,,,,,,,,,,,,,,,,,,,,U,U,N,U,1,,67
2019027024,,,,,,,,,,,,,,,,,,,,N,N,N,U,2,,67
2019062032,N,U,U,N,N,N,0,U,U,99999,N,,,,,,,,N,,,,,1,,67
2019062865,,,,,,,,,,,,,,,,,,,,U,N,N,U,2,,67
2019094876,N,Y,N,Y,U,Y,1,Y,Y,1500,N,,,,,,,,N,,,,,1,,67
2019084446,U,U,U,U,U,U,3,U,N,600,N,,,,,,,,N,,,,,1,,67
2019105824,U,N,U,N,N,N,0,Y,N,600,N,,,,,,,,N,,,,,1,,67
2019057187,,,,,,,,,,,,,,,,,,,,U,N,N,U,2,,67
2019119026,U,U,U,U,U,U,9,U,U,99999,N,,,,,,,,U,,,,,1,,67
2019019247,N,Y,N,Y,Y,Y,1,Y,Y,450,N,,,,,,,,N,,,,,2,,67
2019075635,,,,,,,,,,,,,,,,,,,,N,N,N,Y,2,,67
2019121419,N,Y,Y,Y,Y,Y,1,Y,Y,600,N,,,,,,,,N,,,,,1,,67
2020016065,,,,,,,,,,,,,,,,,,,,U,U,N,U,5,,67
2019038835,N,U,U,N,N,N,0,U,U,125,N,,,,,,,,N,,,,,1,,67
2019057572,,,,,,,,,,,,,,,,,,,,U,Y,N,U,2,,67
2019062723,U,U,U,U,U,U,9,U,U,99999,N,,,,,,,,N,,,,,1,,67
2019066581,,,,,,,,,,,,,,,,,,,,U,U,N,U,1,,67
2019076949,,,,,,,,,,,,,,,,,,,,N,N,N,N,2,,67
2019089670,,,,,,,,,,,,,,,,,,,,U,N,N,U,2,,67
2019093970,N,N,N,N,N,N,3,Y,N,200,N,,,,,,,,N,,,,,1,,67
2019055781,,,,,,,,,,,,,,,,,,,,N,N,Y,U,2,,67
2019088513,U,U,U,U,U,U,9,U,U,99999,N,,,,,,,,U,,,,,1,,67
2019067378,,,,,,,,,,,,,,,,,,,,U,U,N,U,2,,67
2019081199,,,,,,,,,,,,,,,,,,,,U,N,N,U,2,,67
2019101364,,,,,,,,,,,,,,,,,,,,U,U,N,U,1,,67
2019095340,,,,,,,,,,,,,,,,,,,,N,N,N,N,2,,67
2019040063,U,U,U,N,U,U,9,U,U,99999,N,,,,,,,,N,,,,,1,,67
2019073744,N,Y,Y,Y,Y,Y,1,Y,Y,750,N,,,,,,,,N,,,,,1,,67
2019075812,Y,N,U,Y,N,N,0,N,U,1500,N,,,,,,,,N,,,,,2,,67
2019098014,N,N,U,N,N,N,0,Y,N,400,N,,,,,,,,N,,,,,1,,67
2019119285,,,,,,,,,,,,,,,,,,,,N,N,Y,U,2,,67
2019019861,,,,,,,,,,,,,,,,,,,,N,N,N,Y,2,,67
2019088553,,,,,,,,,,,,,,,,,,,,U,N,N,U,2,,67
2019091206,N,N,U,U,U,N,3,Y,N,150,N,,,,,,,,N,,,,,1,,67
2019039143,,,,,,,,,,,,,,,,,,,,U,N,N,U,2,,67
2019071393,,,,,,,,,,,,,,,,,,,,U,U,U,U,2,,67
2019076742,,,,,,,,,,,,,,,,,,,,U,U,N,U,2,,67
2019053488,,,,,,,,,,,,,,,,,,,,U,N,N,U,2,,67
2019071061,,,,,,,,,,,,,,,,,,,,U,N,N,U,2,,67
2020018291,N,Y,Y,Y,Y,Y,1,Y,Y,998,N,,,,,,,,N,,,,,1,,67
2019066961,,,,,,,,,,,,,,,,,,,,N,N,N,N,1,,67
2019092589,Y,Y,U,N,N,N,0,Y,Y,1200,N,,,,,,,,N,,,,,1,,67
2019128310,U,U,U,U,U,U,9,U,U,99999,Y,U,N,N,N,0,U,U,N,,,,,1,,67
2019058353,N,N,U,N,N,N,0,Y,N,500,N,,,,,,,,N,,,,,2,,67
2019084071,N,N,U,Y,U,Y,1,Y,Y,0,N,,,,,,,,N,,,,,1,,67
2019089252,,,,,,,,,,,,,,,,,,,,U,N,N,U,1,,67
2019066489,,,,,,,,,,,,,,,,,,,,U,U,N,U,2,,67
2019050283,Y,Y,Y,Y,Y,Y,1,Y,Y,1000,N,,,,,,,,N,,,,,1,,67
2019085506,N,U,U,U,U,U,9,U,U,99999,N,,,,,,,,N,,,,,1,,67
2019085789,,,,,,,,,,,,,,,,,,,,U,N,N,U,2,,67
2019050283,Y,Y,Y,Y,Y,Y,1,Y,Y,600,N,,,,,,,,N,,,,,2,,67
2019080057,N,N,U,N,N,N,0,N,N,1300,N,,,,,,,,N,,,,,1,,67
2019062636,N,U,U,Y,U,Y,1,U,U,99999,N,,,,,,,,N,,,,,1,,67
2019059349,N,N,Y,Y,N,Y,1,N,N,750,N,,,,,,,,N,,,,,1,,67
2019084986,,,,,,,,,,,,,,,,,,,,U,N,N,U,2,,67
2019088549,N,N,Y,Y,U,Y,1,Y,N,99999,N,,,,,,,,N,,,,,1,,67
2019107303,N,U,Y,Y,N,N,0,Y,Y,1690,N,,,,,,,,N,,,,,1,,67
2019121466,,,,,,,,,,,,,,,,,,,,U,N,N,U,2,,67
2020002964,N,U,N,U,U,U,9,U,U,1000,N,,,,,,,,N,,,,,1,,67
2019069969,,,,,,,,,,,,,,,,,,,,U,N,N,U,2,,67
2019076227,Y,N,Y,Y,Y,Y,1,N,N,750,N,,,,,,,,N,,,,,1,,67
2019041416,N,U,U,U,U,Y,1,Y,U,600,N,,,,,,,,N,,,,,2,,67
2019058734,Y,N,U,N,N,N,0,Y,N,400,N,,,,,,,,N,,,,,1,,67
2019060987,,,,,,,,,,,,,,,,,,,,N,N,N,U,2,,67
2019120182,,,,,,,,,,,,,,,,,,,,N,N,N,N,1,,67
2019037525,U,U,U,N,N,N,0,Y,U,500,N,,,,,,,,N,,,,,2,,67
2019038805,,,,,,,,,,,,,,,,,,,,U,N,N,U,2,,67
2019054950,,,,,,,,,,,,,,,,,,,,U,N,N,U,2,,67
2019073126,U,U,U,U,U,U,9,Y,U,1450,N,,,,,,,,N,,,,,2,,67
2019028711,N,U,N,U,U,Y,3,Y,Y,250,N,,,,,,,,N,,,,,1,,67
2019088685,,,,,,,,,,,,,,,,,,,,U,N,N,U,1,,67
2019121377,Y,Y,U,Y,Y,Y,1,Y,Y,150,N,,,,,,,,N,,,,,1,,67
2019088085,,,,,,,,,,,,,,,,,,,,U,N,N,U,2,,67
2019047921,N,N,U,N,U,U,9,Y,N,674,N,,,,,,,,N,,,,,1,,67
2019038423,Y,U,U,U,U,U,9,U,U,10000,N,,,,,,,,N,,,,,1,,67
2019088550,,,,,,,,,,,,,,,,,,,,U,N,N,U,2,,67
2019050514,Y,Y,N,Y,Y,Y,3,Y,Y,1800,N,,,,,,,,N,,,,,2,,67
2019069970,N,Y,U,N,U,N,0,Y,Y,750,N,,,,,,,,N,,,,,1,,67
2019079714,,,,,,,,,,,,,,,,,,,,U,U,N,U,2,,67
2019053932,,,,,,,,,,,,,,,,,,,,U,N,N,U,2,,67
2019081188,,,,,,,,,,,,,,,,,,,,U,N,N,U,2,,67
2019122261,,,,,,,,,,,,,,,,,,,,N,N,N,N,1,,67
2019045884,,,,,,,,,,,,,,,,,,,,N,N,N,N,1,,67
2019050620,,,,,,,,,,,,,,,,,,,,U,N,N,U,2,,67
2019068007,N,N,U,N,N,N,0,N,N,1200,N,,,,,,,,N,,,,,2,,67
2019080786,,,,,,,,,,,,,,,,,,,,U,N,N,U,2,,67
2019101935,,,,,,,,,,,,,,,,,,,,U,Y,N,U,2,,67
2019037371,,,,,,,,,,,,,,,,,,,,U,U,N,U,2,,67
2019093078,,,,,,,,,,,,,,,,,,,,U,N,N,U,2,,67
2019082108,U,U,U,N,N,N,0,U,U,99999,N,,,,,,,,N,,,,,2,,67
2019018515,,,,,,,,,,,,,,,,,,,,U,Y,N,U,2,,67
2019093232,Y,Y,Y,Y,U,Y,3,Y,N,1400,N,,,,,,,,N,,,,,1,,67
2019067006,N,N,N,Y,Y,Y,3,Y,Y,1200,N,,,,,,,,N,,,,,2,,67
2019120038,,,,,,,,,,,,,,,,,,,,N,N,N,N,1,,67
2019065873,N,U,U,U,U,U,9,U,U,750,N,,,,,,,,N,,,,,1,,67
2019067712,,,,,,,,,,,,,,,,,,,,N,N,N,N,2,,67
2019088069,,,,,,,,,,,,,,,,,,,,U,N,N,U,1,,67
2019038295,Y,Y,Y,Y,Y,Y,1,Y,Y,750,N,,,,,,,,N,,,,,1,,67
2019071511,,,,,,,,,,,,,,,,,,,,U,U,N,Y,2,,67
2019094243,,,,,,,,,,,,,,,,,,,,U,N,N,U,1,,67
2019102144,,,,,,,,,,,,,,,,,,,,N,N,N,U,2,,67
2019071983,N,U,U,Y,U,U,9,U,U,1000,N,,,,,,,,N,,,,,1,,67
2019089708,,,,,,,,,,,,,,,,,,,,U,N,N,U,2,,67
2019036607,,,,,,,,,,,,,,,,,,,,U,N,N,U,1,,67
2019054955,,,,,,,,,,,,,,,,,,,,U,Y,N,U,2,,67
2019093470,,,,,,,,,,,,,,,,,,,,N,N,N,Y,2,,67
2019054960,,,,,,,,,,,,,,,,,,,,Y,Y,N,Y,2,,67
2019057781,,,,,,,,,,,,,,,,,,,,N,N,N,N,1,,67
2019078052,,,,,,,,,,,,,,,,,,,,U,U,N,U,2,,67
2019088130,,,,,,,,,,,,,,,,,,,,U,N,N,U,2,,67
2019078055,,,,,,,,,,,,,,,,,,,,U,N,N,U,2,,67
2019025894,Y,U,U,U,U,U,9,U,U,250,N,,,,,,,,N,,,,,1,,67
2019057575,U,U,U,U,U,U,9,U,U,99999,N,,,,,,,,N,,,,,1,,67
2019079719,,,,,,,,,,,,,,,,,,,,U,U,N,U,2,,67
2019087941,,,,,,,,,,,,,,,,,,,,N,N,N,N,2,,67
2019088564,,,,,,,,,,,,,,,,,,,,N,Y,N,Y,1,,67
2019117712,,,,,,,,,,,,,,,,,,,,U,N,N,U,2,,67
2019028945,N,U,N,N,U,U,9,U,U,99999,N,,,,,,,,N,,,,,1,,67
2019058379,N,Y,Y,N,N,Y,3,Y,N,1200,N,,,,,,,,N,,,,,1,,67
2019077550,,,,,,,,,,,,,,,,,,,,U,U,N,U,2,,67
2019099586,,,,,,,,,,,,,,,,,,,,U,N,N,U,2,,67
2019064575,N,N,N,N,N,N,0,Y,N,125,N,,,,,,,,N,,,,,2,,67
2019080409,,,,,,,,,,,,,,,,,,,,U,N,N,U,1,,67
2019086995,,,,,,,,,,,,,,,,,,,,N,N,N,N,1,,67
2019045900,N,N,U,Y,Y,Y,1,Y,N,600,U,,,,,,,,N,,,,,1,,67
2019050621,,,,,,,,,,,,,,,,,,,,N,N,N,U,2,,67
2019068009,N,U,U,U,N,N,0,Y,N,1200,N,,,,,,,,N,,,,,1,,67
2019096653,N,U,U,U,U,U,9,U,U,600,N,,,,,,,,N,,,,,1,,67
2019004642,,,,,,,,,,,,,,,,,,,,U,U,N,Y,2,,67
2019029874,,,,,,,,,,,,,,,,,,,,U,N,N,N,2,,67
2019050181,U,U,U,U,U,U,9,U,U,99999,N,,,,,,,,N,,,,,1,,67
2019053669,,,,,,,,,,,,,,,,,,,,N,Y,N,U,2,,67
2019074910,,,,,,,,,,,,,,,,,,,,U,U,N,U,2,,67
2019059470,N,N,N,Y,Y,Y,1,Y,N,650,N,,,,,,,,N,,,,,1,,67
2019122484,,,,,,,,,,,,,,,,,,,,N,Y,N,Y,2,,67
2019032060,,,,,,,,,,,,,,,,,,,,U,N,N,U,2,,67
2019088493,U,U,U,Y,U,U,9,U,U,99999,N,,,,,,,,U,,,,,1,,67
2019134871,N,Y,N,Y,U,Y,1,Y,Y,449,N,,,,,,,,N,,,,,2,,67
2019050168,U,U,N,N,N,N,0,U,U,99999,N,,,,,,,,N,,,,,1,,67
2019050431,N,Y,Y,Y,Y,Y,1,Y,Y,1000,N,,,,,,,,N,,,,,1,,67
2019089477,,,,,,,,,,,,,,,,,,,,U,N,N,U,2,,67
2019050181,U,U,U,U,U,U,9,U,U,99999,N,,,,,,,,N,,,,,2,,67
2019050997,Y,N,Y,Y,U,U,9,Y,Y,1340,N,,,,,,,,N,,,,,2,,67
2019075670,N,N,N,N,N,N,0,N,N,50,N,,,,,,,,N,,,,,2,,67
2019096147,,,,,,,,,,,,,,,,,,,,U,U,N,U,2,,67
2019100212,,,,,,,,,,,,,,,,,,,,U,N,N,U,2,,67
2020003318,N,N,Y,N,Y,Y,1,Y,N,1200,N,,,,,,,,N,,,,,1,,67
2019044185,N,U,U,N,N,N,0,U,U,99999,N,,,,,,,,N,,,,,2,,67
2019089478,N,Y,Y,Y,N,N,0,Y,Y,1200,N,,,,,,,,N,,,,,1,,67
2019113277,,,,,,,,,,,,,,,,,,,,U,N,N,U,1,,67
2019069828,N,U,U,U,U,U,9,U,U,99999,N,,,,,,,,N,,,,,1,,67
2019051604,,,,,,,,,,,,,,,,,,,,N,N,N,N,1,,67
2019063435,,,,,,,,,,,,,,,,,,,,U,U,N,U,2,,67
2019052716,N,N,U,N,N,N,0,Y,Y,600,N,,,,,,,,N,,,,,1,,67
2019068569,N,Y,U,Y,Y,U,1,Y,Y,1000,N,,,,,,,,N,,,,,1,,67
2019099513,Y,Y,U,N,N,Y,3,Y,Y,99999,N,,,,,,,,N,,,,,1,,67
2019030401,N,N,Y,Y,Y,Y,1,Y,Y,600,N,,,,,,,,N,,,,,1,,67
2019059547,N,U,N,U,U,U,9,U,U,125,N,,,,,,,,N,,,,,1,,67
2019112741,,,,,,,,,,,,,,,,,,,,N,Y,N,Y,2,,67
2019087856,,,,,,,,,,,,,,,,,,,,U,U,N,U,2,,67
2019095084,,,,,,,,,,,,,,,,,,,,U,N,N,U,1,,67
2019061649,,,,,,,,,,,,,,,,,,,,U,N,N,U,2,,67
2019066723,N,Y,U,Y,Y,Y,1,Y,Y,1800,N,,,,,,,,N,,,,,2,,67
2019079501,,,,,,,,,,,,,,,,,,,,U,N,N,U,2,,67
2019093064,,,,,,,,,,,,,,,,,,,,U,N,N,U,2,,67
2019132447,N,N,U,N,N,N,0,Y,Y,50,N,,,,,,,,N,,,,,2,,67
2019051453,N,U,U,U,U,U,9,U,U,500,N,,,,,,,,N,,,,,1,,67
2019067406,U,N,U,N,N,N,0,N,N,650,N,,,,,,,,N,,,,,1,,67
2019070865,N,Y,Y,Y,N,N,0,Y,Y,1200,N,,,,,,,,N,,,,,2,,67
2019049335,U,U,N,Y,U,U,9,U,U,99999,N,,,,,,,,N,,,,,2,,67
2019082480,N,N,U,N,N,N,0,Y,N,99999,N,,,,,,,,N,,,,,1,,67
2019115150,,,,,,,,,,,,,,,,,,,,Y,Y,N,Y,1,,67
2019054444,Y,U,Y,U,U,U,9,Y,Y,399,Y,U,U,U,U,9,U,U,N,,,,,2,,67
2019076866,,,,,,,,,,,,,,,,,,,,U,N,N,U,2,,67
2019094227,N,U,N,U,U,U,9,U,U,99999,N,,,,,,,,N,,,,,2,,67
2019062727,U,U,U,U,U,U,9,U,U,99999,N,,,,,,,,N,,,,,2,,67
2019121475,N,Y,N,Y,N,N,0,Y,Y,2384,N,,,,,,,,N,,,,,1,,67
2019073577,N,N,N,N,N,N,0,N,N,50,N,,,,,,,,N,,,,,2,,67
2019075521,N,N,U,N,U,N,1,U,Y,1000,N,,,,,,,,N,,,,,1,,67
2019069602,N,N,U,N,N,N,0,N,N,1800,Y,U,N,U,U,0,N,N,N,,,,,1,,67
2019086192,,,,,,,,,,,,,,,,,,,,U,U,N,U,2,,67
2019102362,,,,,,,,,,,,,,,,,,,,N,N,Y,N,2,,67
2019058186,,,,,,,,,,,,,,,,,,,,U,N,N,U,2,,67
2019074923,,,,,,,,,,,,,,,,,,,,U,Y,N,U,2,,67
2019087995,Y,Y,N,Y,U,Y,1,Y,N,1832,N,,,,,,,,N,,,,,1,,67
2019098754,,,,,,,,,,,,,,,,,,,,U,N,N,U,2,,67
2020014627,N,Y,N,N,N,N,0,Y,N,250,N,,,,,,,,N,,,,,1,,67
2019032492,,,,,,,,,,,,,,,,,,,,U,Y,N,U,2,,67
2019075636,N,U,Y,Y,U,U,9,N,N,1000,N,,,,,,,,N,,,,,2,,67
2019103563,,,,,,,,,,,,,,,,,,,,N,N,N,U,2,,67
2019071650,N,U,N,U,U,Y,1,U,U,650,N,,,,,,,,N,,,,,1,,67
2019103660,N,U,N,N,N,N,0,U,U,750,N,,,,,,,,N,,,,,2,,67
2019057972,,,,,,,,,,,,,,,,,,,,U,N,N,U,1,,67
2019073994,N,U,U,U,U,U,9,U,U,250,Y,U,U,U,U,9,U,U,N,,,,,1,,67
2019087454,,,,,,,,,,,,,,,,,,,,U,N,N,U,2,,67
2019100409,,,,,,,,,,,,,,,,,,,,U,N,N,U,2,,67
2019103508,N,Y,U,Y,U,Y,1,Y,Y,0,N,,,,,,,,N,,,,,3,,67
2019101293,N,U,U,U,U,N,0,U,U,250,N,,,,,,,,N,,,,,1,,67
2019103508,N,Y,U,Y,U,Y,1,Y,Y,0,N,,,,,,,,N,,,,,2,,67
2019121306,,,,,,,,,,,,,,,,,,,,U,N,N,U,1,,67
2019052268,N,N,U,N,N,N,0,Y,N,220,N,,,,,,,,N,,,,,1,,67
2019083202,,,,,,,,,,,,,,,,,,,,N,U,N,U,2,,67
2019029785,U,N,N,N,N,N,0,Y,N,0,N,,,,,,,,N,,,,,2,,67
2019060544,,,,,,,,,,,,,,,,,,,,N,N,N,N,1,,67
2019078051,,,,,,,,,,,,,,,,,,,,U,Y,N,U,2,,67
2019052940,,,,,,,,,,,,,,,,,,,,N,U,N,N,2,,67
2019065144,U,U,N,Y,U,U,9,U,U,99999,N,,,,,,,,N,,,,,2,,67
2019015525,,,,,,,,,,,,,,,,,,,,U,N,N,U,2,,67
2019058137,,,,,,,,,,,,,,,,,,,,N,N,N,N,2,,67
2019086261,,,,,,,,,,,,,,,,,,,,N,N,N,U,1,,67
2019018459,Y,Y,Y,N,Y,U,1,Y,Y,99999,N,,,,,,,,N,,,,,2,,67
2019036230,,,,,,,,,,,,,,,,,,,,N,N,N,Y,2,,67
2019042723,N,N,N,Y,Y,Y,1,Y,N,600,N,,,,,,,,N,,,,,1,,67
2019074181,U,U,U,U,U,U,9,U,U,99999,N,,,,,,,,U,,,,,1,,67
2019074713,,,,,,,,,,,,,,,,,,,,U,Y,N,Y,2,,67
2019050673,N,N,N,N,N,N,0,Y,N,400,N,,,,,,,,N,,,,,1,,67
2019064975,N,U,U,U,U,U,9,U,U,400,N,,,,,,,,N,,,,,1,,67
2019067698,,,,,,,,,,,,,,,,,,,,U,U,N,U,2,,67
2019084461,U,U,Y,U,U,U,9,U,U,99999,Y,U,U,U,U,9,U,U,N,,,,,1,,67
2019089639,,,,,,,,,,,,,,,,,,,,U,N,N,U,2,,67
2019096404,U,U,U,N,N,N,0,U,U,99999,N,,,,,,,,U,,,,,1,,67
2019118813,U,N,N,U,U,Y,9,Y,Y,650,N,,,,,,,,N,,,,,1,,67
2019107309,,,,,,,,,,,,,,,,,,,,N,U,N,Y,2,,67
2019114659,,,,,,,,,,,,,,,,,,,,N,U,N,U,2,,67
2019047715,,,,,,,,,,,,,,,,,,,,N,N,N,Y,1,,67
2019049291,U,U,U,N,N,N,0,U,U,99999,N,,,,,,,,N,,,,,1,,67
2019068386,N,U,Y,U,N,N,0,U,U,99,N,,,,,,,,N,,,,,1,,67
2019068741,,,,,,,,,,,,,,,,,,,,U,U,N,U,2,,67
2019058245,,,,,,,,,,,,,,,,,,,,U,U,N,U,2,,67
2019070968,Y,U,Y,Y,U,Y,1,Y,Y,650,N,,,,,,,,N,,,,,1,,67
2019057323,U,U,N,N,N,N,0,U,U,99999,Y,U,N,N,N,0,U,U,N,,,,,2,,67
2019069630,,,,,,,,,,,,,,,,,,,,U,U,N,U,2,,67
2019095139,,,,,,,,,,,,,,,,,,,,N,Y,N,Y,2,,67
2019121476,N,N,U,N,N,N,0,Y,Y,400,N,,,,,,,,N,,,,,1,,67
2019048553,N,Y,U,Y,N,N,0,Y,Y,1687,N,,,,,,,,N,,,,,1,,67
2019089265,Y,N,U,U,U,Y,9,Y,Y,500,N,,,,,,,,N,,,,,2,,67
2019133129,,,,,,,,,,,,,,,,,,,,U,U,N,U,2,,67
2019086529,,,,,,,,,,,,,,,,,,,,N,N,N,N,2,,67
2019070191,Y,Y,Y,Y,Y,Y,3,Y,Y,1300,N,,,,,,,,N,,,,,1,,67
2019050862,,,,,,,,,,,,,,,,,,,,U,N,N,U,2,,67
2019054946,,,,,,,,,,,,,,,,,,,,U,N,N,U,2,,67
2019066582,Y,Y,Y,Y,Y,Y,1,Y,Y,1200,N,,,,,,,,N,,,,,1,,67
2019121421,N,Y,Y,Y,Y,Y,3,Y,Y,650,N,,,,,,,,N,,,,,1,,67
2019065141,,,,,,,,,,,,,,,,,,,,U,U,N,U,2,,67
2019069968,U,U,N,N,N,N,0,U,U,99999,Y,U,N,N,N,0,U,U,N,,,,,1,,67
2019070644,Y,N,N,N,U,U,0,Y,N,6,N,,,,,,,,Y,,,,,1,,67
2019116178,N,Y,U,U,U,U,9,Y,U,1450,N,,,,,,,,N,,,,,1,,67
2020016744,,,,,,,,,,,,,,,,,,,,U,N,N,U,2,,67
2019092373,,,,,,,,,,,,,,,,,,,,N,U,N,U,2,,67
2019047376,U,Y,U,Y,Y,Y,1,Y,Y,1200,N,,,,,,,,N,,,,,1,,67
2019019456,N,Y,Y,Y,Y,Y,1,Y,Y,50,N,,,,,,,,N,,,,,2,,67
2019085417,N,Y,N,Y,N,N,0,Y,N,1130,N,,,,,,,,N,,,,,1,,67
2019096398,N,U,U,N,N,N,0,U,U,99999,N,,,,,,,,N,,,,,1,,67
2019121609,U,Y,U,Y,U,U,1,Y,Y,5,Y,Y,Y,U,U,1,Y,Y,N,,,,,1,,67
2019125948,,,,,,,,,,,,,,,,,,,,N,N,N,Y,1,,67
2019065295,N,N,U,N,N,N,0,N,N,250,N,,,,,,,,N,,,,,1,,67
2019123171,,,,,,,,,,,,,,,,,,,,U,U,N,U,2,,67
2019042683,,,,,,,,,,,,,,,,,,,,N,N,N,Y,2,,67
2019057602,U,U,U,Y,U,U,9,U,U,99999,N,,,,,,,,N,,,,,1,,67
2019069219,N,U,U,Y,U,U,1,U,U,0,N,,,,,,,,N,,,,,2,,67
2019104627,,,,,,,,,,,,,,,,,,,,U,Y,N,U,2,,67
2019127323,,,,,,,,,,,,,,,,,,,,U,N,N,U,2,,67
2019049290,,,,,,,,,,,,,,,,,,,,N,N,N,N,2,,67
2019052763,U,U,U,Y,U,U,9,U,U,99999,N,,,,,,,,N,,,,,1,,67
2019056338,,,,,,,,,,,,,,,,,,,,U,N,N,U,2,,67
2019089263,,,,,,,,,,,,,,,,,,,,U,N,N,U,2,,67
2019127719,,,,,,,,,,,,,,,,,,,,N,N,N,N,2,,67
2019096398,N,U,U,N,U,U,9,U,U,99999,N,,,,,,,,N,,,,,2,,67
2019084254,,,,,,,,,,,,,,,,,,,,U,N,N,U,2,,67
2019105041,N,N,N,N,N,N,0,Y,Y,125,N,,,,,,,,N,,,,,1,,67
2019035535,Y,Y,U,Y,Y,Y,1,Y,Y,1000,N,,,,,,,,N,,,,,1,,67
2019036252,Y,N,U,Y,U,Y,1,Y,Y,999,N,,,,,,,,N,,,,,2,,67
2019068999,N,N,N,N,N,N,0,Y,Y,500,N,,,,,,,,N,,,,,1,,67
2019082699,,,,,,,,,,,,,,,,,,,,U,N,N,U,2,,67
2019090284,N,U,U,U,U,Y,1,U,U,600,N,,,,,,,,N,,,,,2,,67
2019098474,,,,,,,,,,,,,,,,,,,,U,N,N,U,2,,67
2019058246,,,,,,,,,,,,,,,,,,,,U,N,N,U,2,,67
2019060520,,,,,,,,,,,,,,,,,,,,U,N,N,U,2,,67
2019080228,,,,,,,,,,,,,,,,,,,,U,U,N,U,2,,67
2019094252,U,U,U,U,N,N,0,U,U,99999,N,,,,,,,,U,,,,,1,,67
2019058341,N,N,N,N,N,N,0,Y,N,650,N,,,,,,,,N,,,,,1,,67
2019074425,Y,Y,Y,Y,N,N,0,Y,N,1500,N,,,,,,,,N,,,,,1,,67
2019017942,,,,,,,,,,,,,,,,,,,,U,U,N,U,2,,67
2019075189,N,N,Y,Y,N,N,0,Y,U,135,N,,,,,,,,N,,,,,1,,67
2019078058,,,,,,,,,,,,,,,,,,,,U,U,N,U,2,,67
2019001329,,,,,,,,,,,,,,,,,,,,N,N,N,N,2,,67
2019042140,U,U,N,N,U,U,9,U,U,99999,N,,,,,,,,N,,,,,2,,67
2019057598,,,,,,,,,,,,,,,,,,,,U,N,N,U,1,,67
2019076090,,,,,,,,,,,,,,,,,,,,U,U,N,U,2,,67
2019095983,N,U,U,U,U,U,9,U,U,99999,N,,,,,,,,N,,,,,1,,67
2019038515,N,U,U,Y,U,U,1,Y,Y,805,N,,,,,,,,N,,,,,2,,67
2019076104,,,,,,,,,,,,,,,,,,,,N,N,N,Y,2,,67
2019074916,,,,,,,,,,,,,,,,,,,,U,N,N,U,2,,67
2019094875,Y,N,U,Y,U,Y,1,Y,Y,500,N,,,,,,,,N,,,,,2,,67
2020006654,N,U,Y,Y,N,N,0,Y,Y,600,N,,,,,,,,N,,,,,1,,67
2019084445,N,U,Y,U,U,U,9,U,U,99999,N,,,,,,,,N,,,,,1,,67
2019124740,,,,,,,,,,,,,,,,,,,,N,N,N,Y,2,,67
2019083177,N,N,N,N,N,N,0,Y,N,100,N,,,,,,,,N,,,,,1,,67
2019035496,,,,,,,,,,,,,,,,,,,,N,N,N,U,2,,67
2019038449,,,,,,,,,,,,,,,,,,,,N,N,N,N,2,,67
2019057797,,,,,,,,,,,,,,,,,,,,U,N,N,U,2,,67
2019035585,N,N,U,Y,U,N,1,Y,Y,782,N,,,,,,,,N,,,,,1,,67
2019052757,,,,,,,,,,,,,,,,,,,,U,N,N,U,2,,67
2019055027,,,,,,,,,,,,,,,,,,,,U,N,N,U,2,,67
2019080554,N,N,N,U,N,N,0,N,N,150,N,,,,,,,,N,,,,,2,,67
2019063472,,,,,,,,,,,,,,,,,,,,U,N,N,U,2,,67
2019131561,,,,,,,,,,,,,,,,,,,,U,U,N,U,1,,67
2019065143,U,U,N,N,N,N,0,U,U,99999,N,,,,,,,,N,,,,,1,,67
2019071253,,,,,,,,,,,,,,,,,,,,U,U,N,U,2,,67
2019078869,N,N,N,Y,N,N,0,N,N,600,N,,,,,,,,N,,,,,2,,67
2019089734,,,,,,,,,,,,,,,,,,,,N,Y,N,Y,2,,67
2019110901,,,,,,,,,,,,,,,,,,,,U,Y,N,U,1,,67
2019064165,N,Y,U,N,N,N,0,Y,N,900,N,,,,,,,,N,,,,,1,,67
2019030134,N,Y,N,N,N,N,0,Y,N,1000,N,,,,,,,,N,,,,,2,,67
2019046441,,,,,,,,,,,,,,,,,,,,N,N,N,N,2,,67
2019085497,,,,,,,,,,,,,,,,,,,,U,N,N,U,2,,67
2019010485,Y,Y,U,Y,N,N,0,Y,Y,1200,Y,Y,Y,Y,Y,3,Y,Y,N,,,,,1,,67
2019053516,N,U,N,N,U,N,9,Y,Y,599,N,,,,,,,,N,,,,,2,,67
2019073492,U,U,U,U,U,U,9,U,U,600,U,,,,,,,,U,,,,,1,,67
2019031409,,,,,,,,,,,,,,,,,,,,N,N,N,U,2,,67
2019049353,,,,,,,,,,,,,,,,,,,,U,N,N,U,2,,67
2019071651,,,,,,,,,,,,,,,,,,,,U,N,N,U,2,,67
2019082986,N,Y,Y,Y,Y,Y,1,Y,Y,600,N,,,,,,,,N,,,,,1,,67
2019094439,,,,,,,,,,,,,,,,,,,,U,U,N,U,2,,67
2019018577,,,,,,,,,,,,,,,,,,,,U,N,N,U,2,,67
2019082986,N,Y,Y,Y,Y,Y,1,Y,Y,600,N,,,,,,,,N,,,,,2,,67
2019095254,N,U,U,U,U,U,9,Y,N,99999,N,,,,,,,,N,,,,,2,,67
2019062714,U,U,U,N,N,N,0,U,U,99999,N,,,,,,,,N,,,,,1,,67
2019078034,,,,,,,,,,,,,,,,,,,,U,U,N,U,1,,67
2019017970,N,U,N,N,N,N,0,U,U,99999,N,,,,,,,,N,,,,,1,,67
2019057362,,,,,,,,,,,,,,,,,,,,N,N,N,N,2,,67
2019061730,N,U,U,U,U,U,9,U,U,600,Y,U,U,U,U,9,U,U,N,,,,,1,,67
2019079735,,,,,,,,,,,,,,,,,,,,U,N,N,U,2,,67
2019088183,,,,,,,,,,,,,,,,,,,,U,N,N,U,2,,67
2019100769,,,,,,,,,,,,,,,,,,,,N,Y,N,N,2,,67
2019076283,,,,,,,,,,,,,,,,,,,,U,U,N,U,2,,67
2019078993,N,Y,Y,Y,N,Y,1,Y,Y,99999,N,,,,,,,,N,,,,,2,,67
2019083675,,,,,,,,,,,,,,,,,,,,U,N,N,U,2,,67
2020011075,U,U,N,U,U,U,9,U,U,99999,N,,,,,,,,U,,,,,1,,67
2019081397,N,Y,N,Y,Y,Y,1,Y,Y,750,N,,,,,,,,N,,,,,1,,67
2020013625,U,U,N,N,N,N,0,U,U,99999,N,,,,,,,,N,,,,,1,,67
2019043933,N,N,N,N,U,Y,3,U,N,449,N,,,,,,,,N,,,,,1,,67
2019066487,N,N,N,Y,U,Y,1,N,N,600,N,,,,,,,,N,,,,,1,,67
2019078993,N,Y,Y,Y,N,Y,1,Y,Y,99999,N,,,,,,,,N,,,,,1,,67
2019121230,N,N,U,Y,U,Y,1,Y,Y,600,N,,,,,,,,N,,,,,1,,67
2020014507,U,U,N,U,U,U,9,U,U,99999,N,,,,,,,,N,,,,,1,,67
2019030148,,,,,,,,,,,,,,,,,,,,U,Y,N,U,2,,67
2019085227,,,,,,,,,,,,,,,,,,,,U,N,N,U,2,,67
2019018563,,,,,,,,,,,,,,,,,,,,U,U,N,U,2,,67
2019047003,N,N,N,Y,N,Y,1,N,N,100,N,,,,,,,,N,,,,,1,,67
2019054442,N,U,U,N,U,N,1,Y,Y,450,N,,,,,,,,N,,,,,1,,67
2019087102,,,,,,,,,,,,,,,,,,,,U,Y,N,Y,2,,67
2019063706,,,,,,,,,,,,,,,,,,,,U,U,N,U,2,,67
2019093496,N,Y,U,U,U,Y,9,U,U,0,N,,,,,,,,N,,,,,1,,67
2019121425,,,,,,,,,,,,,,,,,,,,U,U,N,U,2,,67
2019105091,N,N,U,N,U,N,0,Y,Y,99999,N,,,,,,,,N,,,,,1,,67
2020000265,Y,Y,Y,Y,Y,Y,1,Y,Y,1800,N,,,,,,,,N,,,,,2,,67
2019082492,,,,,,,,,,,,,,,,,,,,U,N,N,U,2,,67
2019094235,U,U,N,U,U,U,9,U,U,99999,N,,,,,,,,N,,,,,1,,67
2019098483,,,,,,,,,,,,,,,,,,,,U,N,N,U,2,,67
2019121368,,,,,,,,,,,,,,,,,,,,N,N,N,Y,1,,67
2019056692,N,N,U,N,N,N,0,Y,N,1000,N,,,,,,,,N,,,,,1,,67
2019058662,,,,,,,,,,,,,,,,,,,,U,N,N,U,2,,67
2019104198,N,U,U,U,U,U,9,U,U,998,N,,,,,,,,N,,,,,1,,67
2019106730,,,,,,,,,,,,,,,,,,,,N,Y,N,Y,2,,67
2019115381,,,,,,,,,,,,,,,,,,,,U,N,N,U,2,,67
2019094259,U,U,N,N,N,N,0,U,U,99999,N,,,,,,,,N,,,,,1,,67
2019123388,N,U,U,N,N,N,0,U,U,99999,N,,,,,,,,N,,,,,2,,67
2019064521,,,,,,,,,,,,,,,,,,,,U,U,N,U,2,,67
2019099915,,,,,,,,,,,,,,,,,,,,N,N,N,N,1,,67
2019023513,U,U,Y,N,N,N,0,U,U,99999,N,,,,,,,,N,,,,,1,,67
2019062221,Y,N,Y,Y,N,Y,1,Y,N,1000,N,,,,,,,,N,,,,,1,,67
2019079101,N,N,U,Y,N,N,0,N,N,500,Y,N,N,N,N,0,Y,N,N,,,,,1,,67
2019101289,N,U,U,U,U,U,9,U,U,99999,N,,,,,,,,N,,,,,1,,67
2019036630,,,,,,,,,,,,,,,,,,,,U,N,N,U,2,,67
2019076707,,,,,,,,,,,,,,,,,,,,N,Y,N,Y,2,,67
2019110899,U,U,U,U,U,U,9,U,U,99999,N,,,,,,,,U,,,,,1,,67
2019050894,U,U,Y,N,N,N,0,U,U,99999,N,,,,,,,,N,,,,,1,,67
2019087914,N,N,U,U,N,N,0,Y,N,998,N,,,,,,,,N,,,,,1,,67
2019098270,,,,,,,,,,,,,,,,,,,,N,N,Y,U,1,,67
2019074733,N,N,N,N,N,N,0,Y,N,125,N,,,,,,,,N,,,,,1,,67
2019051246,N,N,N,N,U,Y,1,Y,N,600,N,,,,,,,,N,,,,,2,,67
2019052919,,,,,,,,,,,,,,,,,,,,N,N,N,U,1,,67
2019038095,N,Y,Y,Y,Y,Y,1,Y,Y,600,Y,Y,Y,Y,Y,1,Y,Y,N,,,,,1,,67
2019129982,,,,,,,,,,,,,,,,,,,,U,N,Y,U,2,,67
2019105631,N,Y,Y,Y,Y,Y,1,Y,Y,1000,N,,,,,,,,N,,,,,2,,67
2019031896,,,,,,,,,,,,,,,,,,,,N,N,Y,Y,2,,67
2019074734,,,,,,,,,,,,,,,,,,,,N,N,Y,U,2,,67
2019105927,,,,,,,,,,,,,,,,,,,,N,N,N,Y,1,,67
2019107571,,,,,,,,,,,,,,,,,,,,U,Y,N,U,2,,67
2019031988,N,N,Y,N,N,N,0,Y,Y,1000,N,,,,,,,,N,,,,,2,,67
2019066555,,,,,,,,,,,,,,,,,,,,U,Y,N,U,2,,67
2019093968,,,,,,,,,,,,,,,,,,,,U,N,N,U,2,,67
2019107573,,,,,,,,,,,,,,,,,,,,U,U,N,U,2,,67
2019050143,,,,,,,,,,,,,,,,,,,,N,N,N,U,2,,67
2019060040,N,Y,Y,Y,Y,Y,1,Y,N,200,N,,,,,,,,N,,,,,1,,67
2019077184,U,U,U,U,N,N,0,U,U,1200,Y,N,U,N,N,0,N,N,N,,,,,2,,67
2019035527,,,,,,,,,,,,,,,,,,,,N,N,N,N,2,,67
2019065148,,,,,,,,,,,,,,,,,,,,U,U,N,U,1,,67
2019070404,N,U,Y,Y,U,Y,1,Y,Y,600,N,,,,,,,,N,,,,,1,,67
2019089746,,,,,,,,,,,,,,,,,,,,U,N,N,U,2,,67
2019077925,,,,,,,,,,,,,,,,,,,,U,N,N,U,1,,67
2019096419,,,,,,,,,,,,,,,,,,,,U,N,N,U,2,,67
2019096405,,,,,,,,,,,,,,,,,,,,U,U,N,U,2,,67
2019107565,,,,,,,,,,,,,,,,,,,,U,N,N,U,2,,67
2019121357,,,,,,,,,,,,,,,,,,,,Y,Y,Y,Y,1,,67
2020024196,,,,,,,,,,,,,,,,,,,,N,N,N,N,2,,67
2019039961,Y,Y,Y,Y,Y,Y,1,Y,Y,0,N,,,,,,,,N,,,,,1,,67
2019062722,U,U,U,U,U,U,9,U,U,99999,N,,,,,,,,N,,,,,1,,67
2019083029,,,,,,,,,,,,,,,,,,,,N,N,N,N,1,,67
2019084265,N,N,U,U,U,U,1,Y,U,798,N,,,,,,,,N,,,,,1,,67
2019098610,Y,N,Y,Y,Y,Y,1,Y,N,1800,N,,,,,,,,N,,,,,1,,67
2019053131,,,,,,,,,,,,,,,,,,,,N,N,N,N,2,,67
2019067415,N,U,U,N,N,N,0,U,U,99999,N,,,,,,,,N,,,,,1,,67
2019074717,N,N,Y,Y,N,Y,1,Y,Y,600,N,,,,,,,,N,,,,,2,,67
2019074725,,,,,,,,,,,,,,,,,,,,N,N,N,N,2,,67
2019094764,,,,,,,,,,,,,,,,,,,,U,U,N,U,1,,67
2019047074,,,,,,,,,,,,,,,,,,,,U,N,N,U,2,,67
2019036597,,,,,,,,,,,,,,,,,,,,U,N,N,U,2,,67
2019078038,U,U,U,U,U,U,9,U,U,99999,N,,,,,,,,N,,,,,1,,67
2019078331,,,,,,,,,,,,,,,,,,,,U,N,N,U,1,,67
2020065323,,,,,,,,,,,,,,,,,,,,Y,N,Y,U,2,,67
2019083218,N,N,Y,Y,N,N,0,N,Y,99999,N,,,,,,,,N,,,,,1,,67
2019082857,N,N,U,U,N,N,0,Y,N,500,N,,,,,,,,N,,,,,1,,67
2019065287,N,N,U,U,N,Y,1,Y,Y,1340,N,,,,,,,,N,,,,,2,,67
2019070604,,,,,,,,,,,,,,,,,,,,U,U,N,U,2,,67
2019078839,,,,,,,,,,,,,,,,,,,,U,N,N,U,2,,67
2019094238,U,U,Y,N,N,N,0,U,U,99999,N,,,,,,,,N,,,,,2,,67
2019074886,N,N,N,Y,Y,Y,1,Y,N,400,N,,,,,,,,N,,,,,2,,67
2019109996,,,,,,,,,,,,,,,,,,,,U,U,N,U,2,,67
2019065874,,,,,,,,,,,,,,,,,,,,U,U,N,U,2,,67
2019070604,Y,N,Y,N,N,N,0,N,N,1200,N,,,,,,,,N,,,,,1,,67
2019096261,,,,,,,,,,,,,,,,,,,,N,N,N,N,2,,67
2019070055,,,,,,,,,,,,,,,,,,,,N,Y,N,Y,1,,67
2019071058,,,,,,,,,,,,,,,,,,,,U,N,N,U,2,,67
2019089661,,,,,,,,,,,,,,,,,,,,U,N,N,U,2,,67
2019069963,Y,N,U,Y,N,N,0,Y,N,1795,N,,,,,,,,N,,,,,2,,67
2019097994,,,,,,,,,,,,,,,,,,,,U,N,N,U,1,,67
2019100173,,,,,,,,,,,,,,,,,,,,U,N,N,U,2,,67
2019117545,,,,,,,,,,,,,,,,,,,,U,U,N,U,1,,67
2019068569,N,U,U,Y,U,U,1,Y,Y,998,N,,,,,,,,N,,,,,3,,67
2019079418,N,U,N,Y,Y,Y,1,Y,Y,1000,N,,,,,,,,N,,,,,2,,67
2019086989,N,U,N,N,N,N,0,U,U,99999,N,,,,,,,,N,,,,,2,,67
2019057168,,,,,,,,,,,,,,,,,,,,U,N,N,U,2,,67
2019088368,N,Y,Y,Y,U,U,9,Y,Y,600,N,,,,,,,,N,,,,,1,,67
2019078191,Y,N,U,N,U,N,0,N,N,1800,Y,N,N,N,N,0,N,N,N,,,,,1,,67
2019096834,U,N,U,U,U,U,1,Y,Y,500,N,,,,,,,,N,,,,,1,,67
2019116542,,,,,,,,,,,,,,,,,,,,U,N,N,U,2,,67
2019058354,Y,Y,Y,Y,Y,Y,1,N,N,999,N,,,,,,,,N,,,,,1,,67
2019066657,Y,U,Y,Y,N,N,0,Y,Y,1449,N,,,,,,,,N,,,,,1,,67
2019093799,,,,,,,,,,,,,,,,,,,,N,N,N,Y,2,,67
2019104587,,,,,,,,,,,,,,,,,,,,U,N,N,U,2,,67
2019053208,Y,U,U,N,N,N,0,Y,N,1200,N,,,,,,,,N,,,,,2,,67
2019065263,,,,,,,,,,,,,,,,,,,,U,U,N,U,2,,67
2019085314,,,,,,,,,,,,,,,,,,,,U,N,N,U,2,,67
2019039513,,,,,,,,,,,,,,,,,,,,U,N,N,U,2,,67
2019052724,,,,,,,,,,,,,,,,,,,,N,U,N,Y,2,,67
2019057843,N,N,N,Y,U,Y,2,Y,Y,50,N,,,,,,,,N,,,,,1,,67
2019075272,,,,,,,,,,,,,,,,,,,,N,N,N,Y,1,,67
2019023548,U,U,U,Y,U,U,9,U,U,99999,N,,,,,,,,N,,,,,2,,67
2019047844,N,Y,U,Y,U,N,9,Y,Y,600,N,,,,,,,,N,,,,,1,,67
2019104262,N,Y,U,Y,U,Y,1,Y,Y,600,N,,,,,,,,N,,,,,1,,67
2019061686,U,U,U,U,U,U,9,Y,N,99999,Y,N,N,N,N,0,Y,N,U,,,,,1,,67
2019121570,,,,,,,,,,,,,,,,,,,,N,N,N,U,2,,67
2019068434,N,N,U,U,U,U,1,Y,Y,0,N,,,,,,,,N,,,,,2,,67
2019074472,N,U,Y,Y,Y,U,1,Y,Y,1000,N,,,,,,,,N,,,,,2,,67
2019053558,N,U,U,Y,U,Y,9,Y,Y,1000,N,,,,,,,,N,,,,,2,,67
2019057505,U,U,U,U,U,U,9,U,U,99999,N,,,,,,,,U,,,,,1,,67
2019072982,N,U,U,U,Y,U,1,Y,U,1130,N,,,,,,,,N,,,,,2,,67
2019094491,,,,,,,,,,,,,,,,,,,,U,Y,N,U,2,,67
2019058245,N,N,N,N,Y,Y,0,N,N,200,N,,,,,,,,N,,,,,1,,67
2019131556,U,U,Y,Y,U,U,9,U,U,99999,N,,,,,,,,N,,,,,1,,67
2019090285,,,,,,,,,,,,,,,,,,,,U,U,N,U,2,,67
2019051868,N,U,N,N,U,U,9,U,U,99999,N,,,,,,,,N,,,,,1,,67
2020010284,U,U,Y,N,N,N,0,U,U,99999,N,,,,,,,,U,,,,,1,,67
2019054918,N,U,N,Y,U,U,9,U,U,99999,N,,,,,,,,N,,,,,1,,67
2019080230,,,,,,,,,,,,,,,,,,,,U,N,N,U,2,,67
2019094067,,,,,,,,,,,,,,,,,,,,N,N,N,N,2,,67
2019116308,Y,U,U,U,U,U,9,U,U,1833,N,,,,,,,,N,,,,,2,,67
2019119330,,,,,,,,,,,,,,,,,,,,U,N,N,U,2,,67
2019042924,,,,,,,,,,,,,,,,,,,,N,N,N,U,1,,67
2019040561,,,,,,,,,,,,,,,,,,,,U,U,U,U,2,,67
2019083460,,,,,,,,,,,,,,,,,,,,U,N,N,U,2,,67
2019088525,,,,,,,,,,,,,,,,,,,,U,U,N,U,1,,67
2019125142,N,Y,U,N,N,N,0,Y,Y,1340,N,,,,,,,,N,,,,,1,,67
2019044202,,,,,,,,,,,,,,,,,,,,U,U,N,U,2,,67
2019074941,,,,,,,,,,,,,,,,,,,,U,U,N,U,2,,67
2019075329,N,Y,Y,Y,N,N,0,Y,N,1300,N,,,,,,,,N,,,,,1,,67
2019079275,,,,,,,,,,,,,,,,,,,,U,U,N,U,2,,67
2019126245,,,,,,,,,,,,,,,,,,,,U,U,N,U,2,,67
2019082565,,,,,,,,,,,,,,,,,,,,U,U,N,U,1,,67
2019107282,N,U,U,N,U,Y,1,Y,Y,1000,N,,,,,,,,N,,,,,2,,67
2019118408,N,N,Y,Y,Y,N,1,Y,Y,1000,N,,,,,,,,N,,,,,1,,67
2019054138,N,N,N,N,N,N,0,U,Y,125,N,,,,,,,,N,,,,,1,,67
2019071056,,,,,,,,,,,,,,,,,,,,N,N,N,N,2,,67
2019089228,Y,Y,Y,U,U,U,9,Y,Y,600,N,,,,,,,,N,,,,,2,,67
2019091400,N,N,N,Y,N,Y,2,N,N,100,N,,,,,,,,N,,,,,1,,67
2019069354,,,,,,,,,,,,,,,,,,,,U,N,N,U,1,,67
